ISO-10303-21;
HEADER;
/****************************************************************
 * Generated by software with PDE/Lib inside                    *
 * PDElib Version v51a, created Tue 12/06/2005                  *
 * International Technegroup Inc. (www.iti-oh.com)              *
 ****************************************************************/
FILE_DESCRIPTION((''),'2;1');
FILE_NAME('S:\\1\X2\898F683C54C156F39762FF83FF9EFF70FF80\X0\\\OpticalHard\\01_\X2\56FD518588FD54C1\X0\\\3_Bases\\BSP\\BSP-70170\\BSP-70170.stp','2007-11-13T17:00:50',('okegawa'),(''),'Autodesk Inventor 11','Autodesk Inventor 11','');
FILE_SCHEMA(('AUTOMOTIVE_DESIGN { 1 0 10303 214 1 1 1 1 }'));
ENDSEC;
DATA;
#5=APPLICATION_CONTEXT('automotive design');
#6=APPLICATION_PROTOCOL_DEFINITION('Draft International Standard','automotive_design',1998,#5);
#7=PRODUCT_CONTEXT('None',#5,'mechanical');
#8=PRODUCT('BSP-170-01-S01','BSP-170-01-S01','None',(#7));
#9=PRODUCT_RELATED_PRODUCT_CATEGORY('part','description',(#8));
#10=PRODUCT_DEFINITION_FORMATION('None','None',#8);
#11=PRODUCT_DEFINITION_CONTEXT('part definition',#5,'design');
#12=PRODUCT_DEFINITION('None','None',#10,#11);
#18=(NAMED_UNIT(*)PLANE_ANGLE_UNIT()SI_UNIT($,.RADIAN.));
#19=DIMENSIONAL_EXPONENTS(0.0,0.0,0.0,0.0,0.0,0.0,0.0);
#20=PLANE_ANGLE_MEASURE_WITH_UNIT(PLANE_ANGLE_MEASURE(0.017453292500000),#18);
#24=(CONVERSION_BASED_UNIT('DEGREE',#20)NAMED_UNIT(#19)PLANE_ANGLE_UNIT());
#28=(NAMED_UNIT(*)SI_UNIT($,.STERADIAN.)SOLID_ANGLE_UNIT());
#32=(LENGTH_UNIT()NAMED_UNIT(*)SI_UNIT(.MILLI.,.METRE.));
#34=UNCERTAINTY_MEASURE_WITH_UNIT(LENGTH_MEASURE(0.010000000000000),#32,'DISTANCE_ACCURACY_VALUE','');
#36=(GEOMETRIC_REPRESENTATION_CONTEXT(3)GLOBAL_UNCERTAINTY_ASSIGNED_CONTEXT((#34))GLOBAL_UNIT_ASSIGNED_CONTEXT((#24,#28,#32))REPRESENTATION_CONTEXT('None','None'));
#37=AXIS2_PLACEMENT_3D('',#38,#39,#40);
#38=CARTESIAN_POINT('',(0.0,0.0,0.0));
#39=DIRECTION('',(0.0,0.0,1.0));
#40=DIRECTION('',(1.0,0.0,0.0));
#41=SHAPE_REPRESENTATION('',(#37),#36);
#42=PRODUCT_DEFINITION_SHAPE('','',#12);
#43=SHAPE_DEFINITION_REPRESENTATION(#42,#41);
#44=CARTESIAN_POINT('',(14.849242404917495,-13.619742404917503,7.0));
#45=CARTESIAN_POINT('',(14.849242404917495,-13.619742404917503,0.0));
#46=CARTESIAN_POINT('',(13.619742404917496,-13.619742404917503,6.999999999999999));
#47=CARTESIAN_POINT('',(13.619742404917496,-13.619742404917503,0.0));
#48=CARTESIAN_POINT('',(13.619742404917496,-14.849242404917502,7.0));
#49=CARTESIAN_POINT('',(13.619742404917496,-14.849242404917502,0.0));
#50=CARTESIAN_POINT('',(13.619742404917496,-16.078742404917502,6.999999999999999));
#51=CARTESIAN_POINT('',(13.619742404917496,-16.078742404917502,0.0));
#52=CARTESIAN_POINT('',(14.849242404917495,-16.078742404917502,7.0));
#53=CARTESIAN_POINT('',(14.849242404917495,-16.078742404917502,0.0));
#54=CARTESIAN_POINT('',(16.078742404917495,-16.078742404917502,6.999999999999999));
#55=CARTESIAN_POINT('',(16.078742404917495,-16.078742404917502,0.0));
#56=CARTESIAN_POINT('',(16.078742404917495,-14.849242404917502,7.0));
#57=CARTESIAN_POINT('',(16.078742404917495,-14.849242404917502,0.0));
#58=CARTESIAN_POINT('',(16.078742404917495,-13.619742404917503,6.999999999999999));
#59=CARTESIAN_POINT('',(16.078742404917495,-13.619742404917503,0.0));
#60=CARTESIAN_POINT('',(14.849242404917495,-13.619742404917503,7.0));
#61=CARTESIAN_POINT('',(14.849242404917495,-13.619742404917503,0.0));
#69=(BOUNDED_SURFACE()B_SPLINE_SURFACE(1,2,((#44,#46,#48,#50,#52,#54,#56,#58,#60),(#45,#47,#49,#51,#53,#55,#57,#59,#61)),.UNSPECIFIED.,.F.,.T.,.U.)B_SPLINE_SURFACE_WITH_KNOTS((2,2),(3,2,2,2,3),(-149.638859111462860,-143.945487822320930),(0.0,1.931294083794325,3.862588167588651,5.793882251382976,7.725176335177301),.UNSPECIFIED.)GEOMETRIC_REPRESENTATION_ITEM()RATIONAL_B_SPLINE_SURFACE(((1.0,0.707106781186548,1.0,0.707106781186548,1.0,0.707106781186548,1.0,0.707106781186548,1.0),(1.0,0.707106781186548,1.0,0.707106781186548,1.0,0.707106781186548,1.0,0.707106781186548,1.0)))REPRESENTATION_ITEM('')SURFACE());
#70=CARTESIAN_POINT('',(14.849242404917495,-13.619742404917503,0.0));
#71=VERTEX_POINT('',#70);
#72=CARTESIAN_POINT('',(14.849242404917495,-14.849242404917502,0.0));
#73=DIRECTION('',(0.0,0.0,1.0));
#74=DIRECTION('',(0.0,-1.0,0.0));
#75=AXIS2_PLACEMENT_3D('',#72,#73,#74);
#76=CIRCLE('',#75,1.229500000000000);
#77=EDGE_CURVE('',#71,#71,#76,.T.);
#78=ORIENTED_EDGE('',*,*,#77,.F.);
#79=EDGE_LOOP('',(#78));
#80=FACE_OUTER_BOUND('',#79,.T.);
#81=CARTESIAN_POINT('',(14.849242404917495,-16.078742404917502,7.000000000000001));
#82=VERTEX_POINT('',#81);
#83=CARTESIAN_POINT('',(14.849242404917495,-14.849242404917502,6.999999999999993));
#84=DIRECTION('',(0.0,0.0,-1.0));
#85=DIRECTION('',(0.0,-1.0,0.0));
#86=AXIS2_PLACEMENT_3D('',#83,#84,#85);
#87=CIRCLE('',#86,1.229500000000000);
#88=EDGE_CURVE('',#82,#82,#87,.T.);
#89=ORIENTED_EDGE('',*,*,#88,.F.);
#90=EDGE_LOOP('',(#89));
#91=FACE_BOUND('',#90,.T.);
#92=ADVANCED_FACE('',(#80,#91),#69,.F.);
#93=CARTESIAN_POINT('',(-13.619742404917501,-14.849242404917497,7.0));
#94=CARTESIAN_POINT('',(-13.619742404917501,-14.849242404917497,0.0));
#95=CARTESIAN_POINT('',(-13.619742404917501,-13.619742404917497,6.999999999999999));
#96=CARTESIAN_POINT('',(-13.619742404917501,-13.619742404917497,0.0));
#97=CARTESIAN_POINT('',(-14.849242404917501,-13.619742404917497,7.0));
#98=CARTESIAN_POINT('',(-14.849242404917501,-13.619742404917497,0.0));
#99=CARTESIAN_POINT('',(-16.078742404917499,-13.619742404917497,6.999999999999999));
#100=CARTESIAN_POINT('',(-16.078742404917499,-13.619742404917497,0.0));
#101=CARTESIAN_POINT('',(-16.078742404917499,-14.849242404917497,7.0));
#102=CARTESIAN_POINT('',(-16.078742404917499,-14.849242404917497,0.0));
#103=CARTESIAN_POINT('',(-16.078742404917499,-16.078742404917495,6.999999999999999));
#104=CARTESIAN_POINT('',(-16.078742404917499,-16.078742404917495,0.0));
#105=CARTESIAN_POINT('',(-14.849242404917501,-16.078742404917499,7.0));
#106=CARTESIAN_POINT('',(-14.849242404917501,-16.078742404917499,0.0));
#107=CARTESIAN_POINT('',(-13.619742404917501,-16.078742404917495,6.999999999999999));
#108=CARTESIAN_POINT('',(-13.619742404917501,-16.078742404917495,0.0));
#109=CARTESIAN_POINT('',(-13.619742404917501,-14.849242404917497,7.0));
#110=CARTESIAN_POINT('',(-13.619742404917501,-14.849242404917497,0.0));
#118=(BOUNDED_SURFACE()B_SPLINE_SURFACE(1,2,((#93,#95,#97,#99,#101,#103,#105,#107,#109),(#94,#96,#98,#100,#102,#104,#106,#108,#110)),.UNSPECIFIED.,.F.,.T.,.U.)B_SPLINE_SURFACE_WITH_KNOTS((2,2),(3,2,2,2,3),(-149.638859111462860,-143.945487822320930),(0.0,1.931294083794325,3.862588167588651,5.793882251382976,7.725176335177301),.UNSPECIFIED.)GEOMETRIC_REPRESENTATION_ITEM()RATIONAL_B_SPLINE_SURFACE(((1.0,0.707106781186548,1.0,0.707106781186548,1.0,0.707106781186548,1.0,0.707106781186548,1.0),(1.0,0.707106781186548,1.0,0.707106781186548,1.0,0.707106781186548,1.0,0.707106781186548,1.0)))REPRESENTATION_ITEM('')SURFACE());
#119=CARTESIAN_POINT('',(-13.619742404917501,-14.849242404917497,0.0));
#120=VERTEX_POINT('',#119);
#121=CARTESIAN_POINT('',(-14.849242404917501,-14.849242404917497,0.0));
#122=DIRECTION('',(0.0,0.0,1.0));
#123=DIRECTION('',(-1.0,0.0,0.0));
#124=AXIS2_PLACEMENT_3D('',#121,#122,#123);
#125=CIRCLE('',#124,1.229500000000000);
#126=EDGE_CURVE('',#120,#120,#125,.T.);
#127=ORIENTED_EDGE('',*,*,#126,.F.);
#128=EDGE_LOOP('',(#127));
#129=FACE_OUTER_BOUND('',#128,.T.);
#130=CARTESIAN_POINT('',(-16.078742404917499,-14.849242404917497,7.000000000000001));
#131=VERTEX_POINT('',#130);
#132=CARTESIAN_POINT('',(-14.849242404917501,-14.849242404917497,6.999999999999993));
#133=DIRECTION('',(0.0,0.0,-1.0));
#134=DIRECTION('',(-1.0,0.0,0.0));
#135=AXIS2_PLACEMENT_3D('',#132,#133,#134);
#136=CIRCLE('',#135,1.229500000000000);
#137=EDGE_CURVE('',#131,#131,#136,.T.);
#138=ORIENTED_EDGE('',*,*,#137,.F.);
#139=EDGE_LOOP('',(#138));
#140=FACE_BOUND('',#139,.T.);
#141=ADVANCED_FACE('',(#129,#140),#118,.F.);
#142=CARTESIAN_POINT('',(-14.849242404917497,13.619742404917501,7.0));
#143=CARTESIAN_POINT('',(-14.849242404917497,13.619742404917501,0.0));
#144=CARTESIAN_POINT('',(-13.619742404917497,13.619742404917501,6.999999999999999));
#145=CARTESIAN_POINT('',(-13.619742404917497,13.619742404917501,0.0));
#146=CARTESIAN_POINT('',(-13.619742404917497,14.849242404917501,7.0));
#147=CARTESIAN_POINT('',(-13.619742404917497,14.849242404917501,0.0));
#148=CARTESIAN_POINT('',(-13.619742404917497,16.078742404917499,6.999999999999999));
#149=CARTESIAN_POINT('',(-13.619742404917497,16.078742404917499,0.0));
#150=CARTESIAN_POINT('',(-14.849242404917497,16.078742404917499,7.0));
#151=CARTESIAN_POINT('',(-14.849242404917497,16.078742404917499,0.0));
#152=CARTESIAN_POINT('',(-16.078742404917495,16.078742404917499,6.999999999999999));
#153=CARTESIAN_POINT('',(-16.078742404917495,16.078742404917499,0.0));
#154=CARTESIAN_POINT('',(-16.078742404917499,14.849242404917501,7.0));
#155=CARTESIAN_POINT('',(-16.078742404917499,14.849242404917501,0.0));
#156=CARTESIAN_POINT('',(-16.078742404917495,13.619742404917501,6.999999999999999));
#157=CARTESIAN_POINT('',(-16.078742404917495,13.619742404917501,0.0));
#158=CARTESIAN_POINT('',(-14.849242404917497,13.619742404917501,7.0));
#159=CARTESIAN_POINT('',(-14.849242404917497,13.619742404917501,0.0));
#167=(BOUNDED_SURFACE()B_SPLINE_SURFACE(1,2,((#142,#144,#146,#148,#150,#152,#154,#156,#158),(#143,#145,#147,#149,#151,#153,#155,#157,#159)),.UNSPECIFIED.,.F.,.T.,.U.)B_SPLINE_SURFACE_WITH_KNOTS((2,2),(3,2,2,2,3),(-149.638859111462860,-143.945487822320930),(0.0,1.931294083794325,3.862588167588651,5.793882251382976,7.725176335177301),.UNSPECIFIED.)GEOMETRIC_REPRESENTATION_ITEM()RATIONAL_B_SPLINE_SURFACE(((1.0,0.707106781186548,1.0,0.707106781186548,1.0,0.707106781186548,1.0,0.707106781186548,1.0),(1.0,0.707106781186548,1.0,0.707106781186548,1.0,0.707106781186548,1.0,0.707106781186548,1.0)))REPRESENTATION_ITEM('')SURFACE());
#168=CARTESIAN_POINT('',(-14.849242404917497,13.619742404917501,0.0));
#169=VERTEX_POINT('',#168);
#170=CARTESIAN_POINT('',(-14.849242404917497,14.849242404917501,0.0));
#171=DIRECTION('',(0.0,0.0,1.0));
#172=DIRECTION('',(0.0,1.0,0.0));
#173=AXIS2_PLACEMENT_3D('',#170,#171,#172);
#174=CIRCLE('',#173,1.229500000000000);
#175=EDGE_CURVE('',#169,#169,#174,.T.);
#176=ORIENTED_EDGE('',*,*,#175,.F.);
#177=EDGE_LOOP('',(#176));
#178=FACE_OUTER_BOUND('',#177,.T.);
#179=CARTESIAN_POINT('',(-14.849242404917497,16.078742404917499,7.000000000000001));
#180=VERTEX_POINT('',#179);
#181=CARTESIAN_POINT('',(-14.849242404917497,14.849242404917501,6.999999999999993));
#182=DIRECTION('',(0.0,0.0,-1.0));
#183=DIRECTION('',(0.0,1.0,0.0));
#184=AXIS2_PLACEMENT_3D('',#181,#182,#183);
#185=CIRCLE('',#184,1.229500000000000);
#186=EDGE_CURVE('',#180,#180,#185,.T.);
#187=ORIENTED_EDGE('',*,*,#186,.F.);
#188=EDGE_LOOP('',(#187));
#189=FACE_BOUND('',#188,.T.);
#190=ADVANCED_FACE('',(#178,#189),#167,.F.);
#191=CARTESIAN_POINT('',(13.619742404917501,14.849242404917497,7.0));
#192=CARTESIAN_POINT('',(13.619742404917501,14.849242404917497,0.0));
#193=CARTESIAN_POINT('',(13.619742404917501,13.619742404917497,6.999999999999999));
#194=CARTESIAN_POINT('',(13.619742404917501,13.619742404917497,0.0));
#195=CARTESIAN_POINT('',(14.849242404917501,13.619742404917497,7.0));
#196=CARTESIAN_POINT('',(14.849242404917501,13.619742404917497,0.0));
#197=CARTESIAN_POINT('',(16.078742404917499,13.619742404917497,6.999999999999999));
#198=CARTESIAN_POINT('',(16.078742404917499,13.619742404917497,0.0));
#199=CARTESIAN_POINT('',(16.078742404917499,14.849242404917497,7.0));
#200=CARTESIAN_POINT('',(16.078742404917499,14.849242404917497,0.0));
#201=CARTESIAN_POINT('',(16.078742404917499,16.078742404917495,6.999999999999999));
#202=CARTESIAN_POINT('',(16.078742404917499,16.078742404917495,0.0));
#203=CARTESIAN_POINT('',(14.849242404917501,16.078742404917499,7.0));
#204=CARTESIAN_POINT('',(14.849242404917501,16.078742404917499,0.0));
#205=CARTESIAN_POINT('',(13.619742404917501,16.078742404917495,6.999999999999999));
#206=CARTESIAN_POINT('',(13.619742404917501,16.078742404917495,0.0));
#207=CARTESIAN_POINT('',(13.619742404917501,14.849242404917497,7.0));
#208=CARTESIAN_POINT('',(13.619742404917501,14.849242404917497,0.0));
#216=(BOUNDED_SURFACE()B_SPLINE_SURFACE(1,2,((#191,#193,#195,#197,#199,#201,#203,#205,#207),(#192,#194,#196,#198,#200,#202,#204,#206,#208)),.UNSPECIFIED.,.F.,.T.,.U.)B_SPLINE_SURFACE_WITH_KNOTS((2,2),(3,2,2,2,3),(-149.638859111462860,-143.945487822320930),(0.0,1.931294083794325,3.862588167588651,5.793882251382976,7.725176335177301),.UNSPECIFIED.)GEOMETRIC_REPRESENTATION_ITEM()RATIONAL_B_SPLINE_SURFACE(((1.0,0.707106781186548,1.0,0.707106781186548,1.0,0.707106781186548,1.0,0.707106781186548,1.0),(1.0,0.707106781186548,1.0,0.707106781186548,1.0,0.707106781186548,1.0,0.707106781186548,1.0)))REPRESENTATION_ITEM('')SURFACE());
#217=CARTESIAN_POINT('',(13.619742404917501,14.849242404917497,0.0));
#218=VERTEX_POINT('',#217);
#219=CARTESIAN_POINT('',(14.849242404917501,14.849242404917497,0.0));
#220=DIRECTION('',(0.0,0.0,1.0));
#221=DIRECTION('',(1.0,0.0,0.0));
#222=AXIS2_PLACEMENT_3D('',#219,#220,#221);
#223=CIRCLE('',#222,1.229500000000000);
#224=EDGE_CURVE('',#218,#218,#223,.T.);
#225=ORIENTED_EDGE('',*,*,#224,.F.);
#226=EDGE_LOOP('',(#225));
#227=FACE_OUTER_BOUND('',#226,.T.);
#228=CARTESIAN_POINT('',(16.078742404917499,14.849242404917497,7.000000000000001));
#229=VERTEX_POINT('',#228);
#230=CARTESIAN_POINT('',(14.849242404917501,14.849242404917497,6.999999999999993));
#231=DIRECTION('',(0.0,0.0,-1.0));
#232=DIRECTION('',(1.0,0.0,0.0));
#233=AXIS2_PLACEMENT_3D('',#230,#231,#232);
#234=CIRCLE('',#233,1.229500000000000);
#235=EDGE_CURVE('',#229,#229,#234,.T.);
#236=ORIENTED_EDGE('',*,*,#235,.F.);
#237=EDGE_LOOP('',(#236));
#238=FACE_BOUND('',#237,.T.);
#239=ADVANCED_FACE('',(#227,#238),#216,.F.);
#240=CARTESIAN_POINT('',(-1.621000000000000,-15.0,7.0));
#241=CARTESIAN_POINT('',(-1.621000000000000,-15.0,0.0));
#242=CARTESIAN_POINT('',(-1.621000000000000,-16.620999999999999,6.999999999999999));
#243=CARTESIAN_POINT('',(-1.621000000000000,-16.620999999999999,0.0));
#244=CARTESIAN_POINT('',(0.0,-16.620999999999999,7.0));
#245=CARTESIAN_POINT('',(0.0,-16.620999999999999,0.0));
#246=CARTESIAN_POINT('',(1.621000000000000,-16.620999999999999,6.999999999999999));
#247=CARTESIAN_POINT('',(1.621000000000000,-16.620999999999999,0.0));
#248=CARTESIAN_POINT('',(1.621000000000000,-15.0,7.0));
#249=CARTESIAN_POINT('',(1.621000000000000,-15.0,0.0));
#250=CARTESIAN_POINT('',(1.621000000000000,-13.379000000000001,6.999999999999999));
#251=CARTESIAN_POINT('',(1.621000000000000,-13.379000000000001,0.0));
#252=CARTESIAN_POINT('',(0.0,-13.379000000000000,7.0));
#253=CARTESIAN_POINT('',(0.0,-13.379000000000000,0.0));
#254=CARTESIAN_POINT('',(-1.621000000000000,-13.379000000000001,6.999999999999999));
#255=CARTESIAN_POINT('',(-1.621000000000000,-13.379000000000001,0.0));
#256=CARTESIAN_POINT('',(-1.621000000000000,-15.0,7.0));
#257=CARTESIAN_POINT('',(-1.621000000000000,-15.0,0.0));
#265=(BOUNDED_SURFACE()B_SPLINE_SURFACE(1,2,((#240,#242,#244,#246,#248,#250,#252,#254,#256),(#241,#243,#245,#247,#249,#251,#253,#255,#257)),.UNSPECIFIED.,.F.,.T.,.U.)B_SPLINE_SURFACE_WITH_KNOTS((2,2),(3,2,2,2,3),(-113.498443724579620,-109.180121701137300),(0.0,2.546260845734528,5.092521691469055,7.638782537203583,10.185043382938110),.UNSPECIFIED.)GEOMETRIC_REPRESENTATION_ITEM()RATIONAL_B_SPLINE_SURFACE(((1.0,0.707106781186548,1.0,0.707106781186548,1.0,0.707106781186548,1.0,0.707106781186548,1.0),(1.0,0.707106781186548,1.0,0.707106781186548,1.0,0.707106781186548,1.0,0.707106781186548,1.0)))REPRESENTATION_ITEM('')SURFACE());
#266=CARTESIAN_POINT('',(-1.621000000000000,-15.0,0.0));
#267=VERTEX_POINT('',#266);
#268=CARTESIAN_POINT('',(0.0,-15.0,0.0));
#269=DIRECTION('',(0.0,0.0,1.0));
#270=DIRECTION('',(1.0,0.0,0.0));
#271=AXIS2_PLACEMENT_3D('',#268,#269,#270);
#272=CIRCLE('',#271,1.621000000000000);
#273=EDGE_CURVE('',#267,#267,#272,.T.);
#274=ORIENTED_EDGE('',*,*,#273,.F.);
#275=EDGE_LOOP('',(#274));
#276=FACE_OUTER_BOUND('',#275,.T.);
#277=CARTESIAN_POINT('',(1.621000000000000,-15.0,7.000000000000001));
#278=VERTEX_POINT('',#277);
#279=CARTESIAN_POINT('',(0.0,-15.0,6.999999999999993));
#280=DIRECTION('',(0.0,0.0,-1.0));
#281=DIRECTION('',(1.0,0.0,0.0));
#282=AXIS2_PLACEMENT_3D('',#279,#280,#281);
#283=CIRCLE('',#282,1.621000000000000);
#284=EDGE_CURVE('',#278,#278,#283,.T.);
#285=ORIENTED_EDGE('',*,*,#284,.F.);
#286=EDGE_LOOP('',(#285));
#287=FACE_BOUND('',#286,.T.);
#288=ADVANCED_FACE('',(#276,#287),#265,.F.);
#289=CARTESIAN_POINT('',(-1.621000000000000,15.0,7.0));
#290=CARTESIAN_POINT('',(-1.621000000000000,15.0,0.0));
#291=CARTESIAN_POINT('',(-1.621000000000000,13.379000000000001,6.999999999999999));
#292=CARTESIAN_POINT('',(-1.621000000000000,13.379000000000001,0.0));
#293=CARTESIAN_POINT('',(0.0,13.379000000000000,7.0));
#294=CARTESIAN_POINT('',(0.0,13.379000000000000,0.0));
#295=CARTESIAN_POINT('',(1.621000000000000,13.379000000000001,6.999999999999999));
#296=CARTESIAN_POINT('',(1.621000000000000,13.379000000000001,0.0));
#297=CARTESIAN_POINT('',(1.621000000000000,15.0,7.0));
#298=CARTESIAN_POINT('',(1.621000000000000,15.0,0.0));
#299=CARTESIAN_POINT('',(1.621000000000000,16.620999999999999,6.999999999999999));
#300=CARTESIAN_POINT('',(1.621000000000000,16.620999999999999,0.0));
#301=CARTESIAN_POINT('',(0.0,16.620999999999999,7.0));
#302=CARTESIAN_POINT('',(0.0,16.620999999999999,0.0));
#303=CARTESIAN_POINT('',(-1.621000000000000,16.620999999999999,6.999999999999999));
#304=CARTESIAN_POINT('',(-1.621000000000000,16.620999999999999,0.0));
#305=CARTESIAN_POINT('',(-1.621000000000000,15.0,7.0));
#306=CARTESIAN_POINT('',(-1.621000000000000,15.0,0.0));
#314=(BOUNDED_SURFACE()B_SPLINE_SURFACE(1,2,((#289,#291,#293,#295,#297,#299,#301,#303,#305),(#290,#292,#294,#296,#298,#300,#302,#304,#306)),.UNSPECIFIED.,.F.,.T.,.U.)B_SPLINE_SURFACE_WITH_KNOTS((2,2),(3,2,2,2,3),(-113.498443724579620,-109.180121701137300),(0.0,2.546260845734528,5.092521691469055,7.638782537203583,10.185043382938110),.UNSPECIFIED.)GEOMETRIC_REPRESENTATION_ITEM()RATIONAL_B_SPLINE_SURFACE(((1.0,0.707106781186548,1.0,0.707106781186548,1.0,0.707106781186548,1.0,0.707106781186548,1.0),(1.0,0.707106781186548,1.0,0.707106781186548,1.0,0.707106781186548,1.0,0.707106781186548,1.0)))REPRESENTATION_ITEM('')SURFACE());
#315=CARTESIAN_POINT('',(-1.621000000000000,15.0,0.0));
#316=VERTEX_POINT('',#315);
#317=CARTESIAN_POINT('',(0.0,15.0,0.0));
#318=DIRECTION('',(0.0,0.0,1.0));
#319=DIRECTION('',(1.0,0.0,0.0));
#320=AXIS2_PLACEMENT_3D('',#317,#318,#319);
#321=CIRCLE('',#320,1.621000000000000);
#322=EDGE_CURVE('',#316,#316,#321,.T.);
#323=ORIENTED_EDGE('',*,*,#322,.F.);
#324=EDGE_LOOP('',(#323));
#325=FACE_OUTER_BOUND('',#324,.T.);
#326=CARTESIAN_POINT('',(1.621000000000000,15.0,7.000000000000001));
#327=VERTEX_POINT('',#326);
#328=CARTESIAN_POINT('',(0.0,15.0,6.999999999999993));
#329=DIRECTION('',(0.0,0.0,-1.0));
#330=DIRECTION('',(1.0,0.0,0.0));
#331=AXIS2_PLACEMENT_3D('',#328,#329,#330);
#332=CIRCLE('',#331,1.621000000000000);
#333=EDGE_CURVE('',#327,#327,#332,.T.);
#334=ORIENTED_EDGE('',*,*,#333,.F.);
#335=EDGE_LOOP('',(#334));
#336=FACE_BOUND('',#335,.T.);
#337=ADVANCED_FACE('',(#325,#336),#314,.F.);
#338=CARTESIAN_POINT('',(31.0,1.620999999999994,7.0));
#339=CARTESIAN_POINT('',(31.0,1.620999999999994,0.0));
#340=CARTESIAN_POINT('',(29.379000000000001,1.620999999999994,6.999999999999999));
#341=CARTESIAN_POINT('',(29.379000000000001,1.620999999999994,0.0));
#342=CARTESIAN_POINT('',(29.379000000000001,-5.694420E-015,7.0));
#343=CARTESIAN_POINT('',(29.379000000000001,-5.694420E-015,0.0));
#344=CARTESIAN_POINT('',(29.379000000000001,-1.621000000000006,6.999999999999999));
#345=CARTESIAN_POINT('',(29.379000000000001,-1.621000000000006,0.0));
#346=CARTESIAN_POINT('',(31.0,-1.621000000000006,7.0));
#347=CARTESIAN_POINT('',(31.0,-1.621000000000006,0.0));
#348=CARTESIAN_POINT('',(32.621000000000002,-1.621000000000006,6.999999999999999));
#349=CARTESIAN_POINT('',(32.621000000000002,-1.621000000000006,0.0));
#350=CARTESIAN_POINT('',(32.621000000000002,-5.694420E-015,7.0));
#351=CARTESIAN_POINT('',(32.621000000000002,-5.694420E-015,0.0));
#352=CARTESIAN_POINT('',(32.621000000000002,1.620999999999994,6.999999999999999));
#353=CARTESIAN_POINT('',(32.621000000000002,1.620999999999994,0.0));
#354=CARTESIAN_POINT('',(31.0,1.620999999999994,7.0));
#355=CARTESIAN_POINT('',(31.0,1.620999999999994,0.0));
#363=(BOUNDED_SURFACE()B_SPLINE_SURFACE(1,2,((#338,#340,#342,#344,#346,#348,#350,#352,#354),(#339,#341,#343,#345,#347,#349,#351,#353,#355)),.UNSPECIFIED.,.F.,.T.,.U.)B_SPLINE_SURFACE_WITH_KNOTS((2,2),(3,2,2,2,3),(-113.498443724579620,-109.180121701137300),(0.0,2.546260845734528,5.092521691469055,7.638782537203583,10.185043382938110),.UNSPECIFIED.)GEOMETRIC_REPRESENTATION_ITEM()RATIONAL_B_SPLINE_SURFACE(((1.0,0.707106781186548,1.0,0.707106781186548,1.0,0.707106781186548,1.0,0.707106781186548,1.0),(1.0,0.707106781186548,1.0,0.707106781186548,1.0,0.707106781186548,1.0,0.707106781186548,1.0)))REPRESENTATION_ITEM('')SURFACE());
#364=CARTESIAN_POINT('',(31.0,1.620999999999994,0.0));
#365=VERTEX_POINT('',#364);
#366=CARTESIAN_POINT('',(31.0,-5.694420E-015,0.0));
#367=DIRECTION('',(0.0,0.0,1.0));
#368=DIRECTION('',(0.0,-1.0,0.0));
#369=AXIS2_PLACEMENT_3D('',#366,#367,#368);
#370=CIRCLE('',#369,1.621000000000000);
#371=EDGE_CURVE('',#365,#365,#370,.T.);
#372=ORIENTED_EDGE('',*,*,#371,.F.);
#373=EDGE_LOOP('',(#372));
#374=FACE_OUTER_BOUND('',#373,.T.);
#375=CARTESIAN_POINT('',(31.0,-1.621000000000006,7.000000000000001));
#376=VERTEX_POINT('',#375);
#377=CARTESIAN_POINT('',(31.0,-5.694420E-015,6.999999999999993));
#378=DIRECTION('',(0.0,0.0,-1.0));
#379=DIRECTION('',(0.0,-1.0,0.0));
#380=AXIS2_PLACEMENT_3D('',#377,#378,#379);
#381=CIRCLE('',#380,1.621000000000000);
#382=EDGE_CURVE('',#376,#376,#381,.T.);
#383=ORIENTED_EDGE('',*,*,#382,.F.);
#384=EDGE_LOOP('',(#383));
#385=FACE_BOUND('',#384,.T.);
#386=ADVANCED_FACE('',(#374,#385),#363,.F.);
#387=CARTESIAN_POINT('',(1.620999999999996,-31.0,7.0));
#388=CARTESIAN_POINT('',(1.620999999999996,-31.0,0.0));
#389=CARTESIAN_POINT('',(1.620999999999996,-29.379000000000001,6.999999999999999));
#390=CARTESIAN_POINT('',(1.620999999999996,-29.379000000000001,0.0));
#391=CARTESIAN_POINT('',(-3.796280E-015,-29.379000000000001,7.0));
#392=CARTESIAN_POINT('',(-3.796280E-015,-29.379000000000001,0.0));
#393=CARTESIAN_POINT('',(-1.621000000000004,-29.379000000000001,6.999999999999999));
#394=CARTESIAN_POINT('',(-1.621000000000004,-29.379000000000001,0.0));
#395=CARTESIAN_POINT('',(-1.621000000000004,-31.0,7.0));
#396=CARTESIAN_POINT('',(-1.621000000000004,-31.0,0.0));
#397=CARTESIAN_POINT('',(-1.621000000000004,-32.621000000000002,6.999999999999999));
#398=CARTESIAN_POINT('',(-1.621000000000004,-32.621000000000002,0.0));
#399=CARTESIAN_POINT('',(-3.796280E-015,-32.621000000000002,7.0));
#400=CARTESIAN_POINT('',(-3.796280E-015,-32.621000000000002,0.0));
#401=CARTESIAN_POINT('',(1.620999999999996,-32.621000000000002,6.999999999999999));
#402=CARTESIAN_POINT('',(1.620999999999996,-32.621000000000002,0.0));
#403=CARTESIAN_POINT('',(1.620999999999996,-31.0,7.0));
#404=CARTESIAN_POINT('',(1.620999999999996,-31.0,0.0));
#412=(BOUNDED_SURFACE()B_SPLINE_SURFACE(1,2,((#387,#389,#391,#393,#395,#397,#399,#401,#403),(#388,#390,#392,#394,#396,#398,#400,#402,#404)),.UNSPECIFIED.,.F.,.T.,.U.)B_SPLINE_SURFACE_WITH_KNOTS((2,2),(3,2,2,2,3),(-113.498443724579620,-109.180121701137300),(0.0,2.546260845734528,5.092521691469055,7.638782537203583,10.185043382938110),.UNSPECIFIED.)GEOMETRIC_REPRESENTATION_ITEM()RATIONAL_B_SPLINE_SURFACE(((1.0,0.707106781186548,1.0,0.707106781186548,1.0,0.707106781186548,1.0,0.707106781186548,1.0),(1.0,0.707106781186548,1.0,0.707106781186548,1.0,0.707106781186548,1.0,0.707106781186548,1.0)))REPRESENTATION_ITEM('')SURFACE());
#413=CARTESIAN_POINT('',(1.620999999999996,-31.0,0.0));
#414=VERTEX_POINT('',#413);
#415=CARTESIAN_POINT('',(-3.796280E-015,-31.0,0.0));
#416=DIRECTION('',(0.0,0.0,1.0));
#417=DIRECTION('',(-1.0,0.0,0.0));
#418=AXIS2_PLACEMENT_3D('',#415,#416,#417);
#419=CIRCLE('',#418,1.621000000000000);
#420=EDGE_CURVE('',#414,#414,#419,.T.);
#421=ORIENTED_EDGE('',*,*,#420,.F.);
#422=EDGE_LOOP('',(#421));
#423=FACE_OUTER_BOUND('',#422,.T.);
#424=CARTESIAN_POINT('',(-1.621000000000004,-31.0,7.000000000000001));
#425=VERTEX_POINT('',#424);
#426=CARTESIAN_POINT('',(-3.796280E-015,-31.0,6.999999999999993));
#427=DIRECTION('',(0.0,0.0,-1.0));
#428=DIRECTION('',(-1.0,0.0,0.0));
#429=AXIS2_PLACEMENT_3D('',#426,#427,#428);
#430=CIRCLE('',#429,1.621000000000000);
#431=EDGE_CURVE('',#425,#425,#430,.T.);
#432=ORIENTED_EDGE('',*,*,#431,.F.);
#433=EDGE_LOOP('',(#432));
#434=FACE_BOUND('',#433,.T.);
#435=ADVANCED_FACE('',(#423,#434),#412,.F.);
#436=CARTESIAN_POINT('',(-31.0,-1.620999999999998,7.0));
#437=CARTESIAN_POINT('',(-31.0,-1.620999999999998,0.0));
#438=CARTESIAN_POINT('',(-29.379000000000001,-1.620999999999998,6.999999999999999));
#439=CARTESIAN_POINT('',(-29.379000000000001,-1.620999999999998,0.0));
#440=CARTESIAN_POINT('',(-29.379000000000001,1.898140E-015,7.0));
#441=CARTESIAN_POINT('',(-29.379000000000001,1.898140E-015,0.0));
#442=CARTESIAN_POINT('',(-29.379000000000001,1.621000000000002,6.999999999999999));
#443=CARTESIAN_POINT('',(-29.379000000000001,1.621000000000002,0.0));
#444=CARTESIAN_POINT('',(-31.0,1.621000000000002,7.0));
#445=CARTESIAN_POINT('',(-31.0,1.621000000000002,0.0));
#446=CARTESIAN_POINT('',(-32.621000000000002,1.621000000000002,6.999999999999999));
#447=CARTESIAN_POINT('',(-32.621000000000002,1.621000000000002,0.0));
#448=CARTESIAN_POINT('',(-32.621000000000002,1.898140E-015,7.0));
#449=CARTESIAN_POINT('',(-32.621000000000002,1.898140E-015,0.0));
#450=CARTESIAN_POINT('',(-32.621000000000002,-1.620999999999998,6.999999999999999));
#451=CARTESIAN_POINT('',(-32.621000000000002,-1.620999999999998,0.0));
#452=CARTESIAN_POINT('',(-31.0,-1.620999999999998,7.0));
#453=CARTESIAN_POINT('',(-31.0,-1.620999999999998,0.0));
#461=(BOUNDED_SURFACE()B_SPLINE_SURFACE(1,2,((#436,#438,#440,#442,#444,#446,#448,#450,#452),(#437,#439,#441,#443,#445,#447,#449,#451,#453)),.UNSPECIFIED.,.F.,.T.,.U.)B_SPLINE_SURFACE_WITH_KNOTS((2,2),(3,2,2,2,3),(-113.498443724579620,-109.180121701137300),(0.0,2.546260845734528,5.092521691469055,7.638782537203583,10.185043382938110),.UNSPECIFIED.)GEOMETRIC_REPRESENTATION_ITEM()RATIONAL_B_SPLINE_SURFACE(((1.0,0.707106781186548,1.0,0.707106781186548,1.0,0.707106781186548,1.0,0.707106781186548,1.0),(1.0,0.707106781186548,1.0,0.707106781186548,1.0,0.707106781186548,1.0,0.707106781186548,1.0)))REPRESENTATION_ITEM('')SURFACE());
#462=CARTESIAN_POINT('',(-31.0,-1.620999999999998,0.0));
#463=VERTEX_POINT('',#462);
#464=CARTESIAN_POINT('',(-31.0,1.898140E-015,0.0));
#465=DIRECTION('',(0.0,0.0,1.0));
#466=DIRECTION('',(0.0,1.0,0.0));
#467=AXIS2_PLACEMENT_3D('',#464,#465,#466);
#468=CIRCLE('',#467,1.621000000000000);
#469=EDGE_CURVE('',#463,#463,#468,.T.);
#470=ORIENTED_EDGE('',*,*,#469,.F.);
#471=EDGE_LOOP('',(#470));
#472=FACE_OUTER_BOUND('',#471,.T.);
#473=CARTESIAN_POINT('',(-31.0,1.621000000000002,7.000000000000001));
#474=VERTEX_POINT('',#473);
#475=CARTESIAN_POINT('',(-31.0,1.898140E-015,6.999999999999993));
#476=DIRECTION('',(0.0,0.0,-1.0));
#477=DIRECTION('',(0.0,1.0,0.0));
#478=AXIS2_PLACEMENT_3D('',#475,#476,#477);
#479=CIRCLE('',#478,1.621000000000000);
#480=EDGE_CURVE('',#474,#474,#479,.T.);
#481=ORIENTED_EDGE('',*,*,#480,.F.);
#482=EDGE_LOOP('',(#481));
#483=FACE_BOUND('',#482,.T.);
#484=ADVANCED_FACE('',(#472,#483),#461,.F.);
#485=CARTESIAN_POINT('',(-1.621000000000000,31.0,7.0));
#486=CARTESIAN_POINT('',(-1.621000000000000,31.0,0.0));
#487=CARTESIAN_POINT('',(-1.621000000000000,29.379000000000001,6.999999999999999));
#488=CARTESIAN_POINT('',(-1.621000000000000,29.379000000000001,0.0));
#489=CARTESIAN_POINT('',(0.0,29.379000000000001,7.0));
#490=CARTESIAN_POINT('',(0.0,29.379000000000001,0.0));
#491=CARTESIAN_POINT('',(1.621000000000000,29.379000000000001,6.999999999999999));
#492=CARTESIAN_POINT('',(1.621000000000000,29.379000000000001,0.0));
#493=CARTESIAN_POINT('',(1.621000000000000,31.0,7.0));
#494=CARTESIAN_POINT('',(1.621000000000000,31.0,0.0));
#495=CARTESIAN_POINT('',(1.621000000000000,32.621000000000002,6.999999999999999));
#496=CARTESIAN_POINT('',(1.621000000000000,32.621000000000002,0.0));
#497=CARTESIAN_POINT('',(0.0,32.621000000000002,7.0));
#498=CARTESIAN_POINT('',(0.0,32.621000000000002,0.0));
#499=CARTESIAN_POINT('',(-1.621000000000000,32.621000000000002,6.999999999999999));
#500=CARTESIAN_POINT('',(-1.621000000000000,32.621000000000002,0.0));
#501=CARTESIAN_POINT('',(-1.621000000000000,31.0,7.0));
#502=CARTESIAN_POINT('',(-1.621000000000000,31.0,0.0));
#510=(BOUNDED_SURFACE()B_SPLINE_SURFACE(1,2,((#485,#487,#489,#491,#493,#495,#497,#499,#501),(#486,#488,#490,#492,#494,#496,#498,#500,#502)),.UNSPECIFIED.,.F.,.T.,.U.)B_SPLINE_SURFACE_WITH_KNOTS((2,2),(3,2,2,2,3),(-113.498443724579620,-109.180121701137300),(0.0,2.546260845734528,5.092521691469055,7.638782537203583,10.185043382938110),.UNSPECIFIED.)GEOMETRIC_REPRESENTATION_ITEM()RATIONAL_B_SPLINE_SURFACE(((1.0,0.707106781186548,1.0,0.707106781186548,1.0,0.707106781186548,1.0,0.707106781186548,1.0),(1.0,0.707106781186548,1.0,0.707106781186548,1.0,0.707106781186548,1.0,0.707106781186548,1.0)))REPRESENTATION_ITEM('')SURFACE());
#511=CARTESIAN_POINT('',(-1.621000000000000,31.0,0.0));
#512=VERTEX_POINT('',#511);
#513=CARTESIAN_POINT('',(0.0,31.0,0.0));
#514=DIRECTION('',(0.0,0.0,1.0));
#515=DIRECTION('',(1.0,0.0,0.0));
#516=AXIS2_PLACEMENT_3D('',#513,#514,#515);
#517=CIRCLE('',#516,1.621000000000000);
#518=EDGE_CURVE('',#512,#512,#517,.T.);
#519=ORIENTED_EDGE('',*,*,#518,.F.);
#520=EDGE_LOOP('',(#519));
#521=FACE_OUTER_BOUND('',#520,.T.);
#522=CARTESIAN_POINT('',(1.621000000000000,31.0,7.000000000000001));
#523=VERTEX_POINT('',#522);
#524=CARTESIAN_POINT('',(0.0,31.0,6.999999999999993));
#525=DIRECTION('',(0.0,0.0,-1.0));
#526=DIRECTION('',(1.0,0.0,0.0));
#527=AXIS2_PLACEMENT_3D('',#524,#525,#526);
#528=CIRCLE('',#527,1.621000000000000);
#529=EDGE_CURVE('',#523,#523,#528,.T.);
#530=ORIENTED_EDGE('',*,*,#529,.F.);
#531=EDGE_LOOP('',(#530));
#532=FACE_BOUND('',#531,.T.);
#533=ADVANCED_FACE('',(#521,#532),#510,.F.);
#534=CARTESIAN_POINT('',(-26.620999999999999,-25.0,7.0));
#535=CARTESIAN_POINT('',(-26.620999999999999,-25.0,0.0));
#536=CARTESIAN_POINT('',(-26.621000000000002,-26.621000000000002,6.999999999999999));
#537=CARTESIAN_POINT('',(-26.621000000000002,-26.621000000000002,0.0));
#538=CARTESIAN_POINT('',(-25.0,-26.620999999999999,7.0));
#539=CARTESIAN_POINT('',(-25.0,-26.620999999999999,0.0));
#540=CARTESIAN_POINT('',(-23.379000000000001,-26.621000000000002,6.999999999999999));
#541=CARTESIAN_POINT('',(-23.379000000000001,-26.621000000000002,0.0));
#542=CARTESIAN_POINT('',(-23.379000000000001,-25.0,7.0));
#543=CARTESIAN_POINT('',(-23.379000000000001,-25.0,0.0));
#544=CARTESIAN_POINT('',(-23.379000000000001,-23.379000000000001,6.999999999999999));
#545=CARTESIAN_POINT('',(-23.379000000000001,-23.379000000000001,0.0));
#546=CARTESIAN_POINT('',(-25.0,-23.379000000000001,7.0));
#547=CARTESIAN_POINT('',(-25.0,-23.379000000000001,0.0));
#548=CARTESIAN_POINT('',(-26.621000000000002,-23.379000000000001,6.999999999999999));
#549=CARTESIAN_POINT('',(-26.621000000000002,-23.379000000000001,0.0));
#550=CARTESIAN_POINT('',(-26.620999999999999,-25.0,7.0));
#551=CARTESIAN_POINT('',(-26.620999999999999,-25.0,0.0));
#559=(BOUNDED_SURFACE()B_SPLINE_SURFACE(1,2,((#534,#536,#538,#540,#542,#544,#546,#548,#550),(#535,#537,#539,#541,#543,#545,#547,#549,#551)),.UNSPECIFIED.,.F.,.T.,.U.)B_SPLINE_SURFACE_WITH_KNOTS((2,2),(3,2,2,2,3),(-113.498443724579620,-109.180121701137300),(0.0,2.546260845734528,5.092521691469055,7.638782537203583,10.185043382938110),.UNSPECIFIED.)GEOMETRIC_REPRESENTATION_ITEM()RATIONAL_B_SPLINE_SURFACE(((1.0,0.707106781186548,1.0,0.707106781186548,1.0,0.707106781186548,1.0,0.707106781186548,1.0),(1.0,0.707106781186548,1.0,0.707106781186548,1.0,0.707106781186548,1.0,0.707106781186548,1.0)))REPRESENTATION_ITEM('')SURFACE());
#560=CARTESIAN_POINT('',(-26.621000000000002,-25.0,0.0));
#561=VERTEX_POINT('',#560);
#562=CARTESIAN_POINT('',(-25.0,-25.0,0.0));
#563=DIRECTION('',(0.0,0.0,1.0));
#564=DIRECTION('',(1.0,0.0,0.0));
#565=AXIS2_PLACEMENT_3D('',#562,#563,#564);
#566=CIRCLE('',#565,1.621000000000000);
#567=EDGE_CURVE('',#561,#561,#566,.T.);
#568=ORIENTED_EDGE('',*,*,#567,.F.);
#569=EDGE_LOOP('',(#568));
#570=FACE_OUTER_BOUND('',#569,.T.);
#571=CARTESIAN_POINT('',(-23.378999999999998,-25.0,7.000000000000001));
#572=VERTEX_POINT('',#571);
#573=CARTESIAN_POINT('',(-25.0,-25.0,6.999999999999993));
#574=DIRECTION('',(0.0,0.0,-1.0));
#575=DIRECTION('',(1.0,0.0,0.0));
#576=AXIS2_PLACEMENT_3D('',#573,#574,#575);
#577=CIRCLE('',#576,1.621000000000000);
#578=EDGE_CURVE('',#572,#572,#577,.T.);
#579=ORIENTED_EDGE('',*,*,#578,.F.);
#580=EDGE_LOOP('',(#579));
#581=FACE_BOUND('',#580,.T.);
#582=ADVANCED_FACE('',(#570,#581),#559,.F.);
#583=CARTESIAN_POINT('',(-1.621000000000000,-25.0,7.0));
#584=CARTESIAN_POINT('',(-1.621000000000000,-25.0,0.0));
#585=CARTESIAN_POINT('',(-1.621000000000000,-26.621000000000002,6.999999999999999));
#586=CARTESIAN_POINT('',(-1.621000000000000,-26.621000000000002,0.0));
#587=CARTESIAN_POINT('',(0.0,-26.620999999999999,7.0));
#588=CARTESIAN_POINT('',(0.0,-26.620999999999999,0.0));
#589=CARTESIAN_POINT('',(1.621000000000000,-26.621000000000002,6.999999999999999));
#590=CARTESIAN_POINT('',(1.621000000000000,-26.621000000000002,0.0));
#591=CARTESIAN_POINT('',(1.621000000000000,-25.0,7.0));
#592=CARTESIAN_POINT('',(1.621000000000000,-25.0,0.0));
#593=CARTESIAN_POINT('',(1.621000000000000,-23.379000000000001,6.999999999999999));
#594=CARTESIAN_POINT('',(1.621000000000000,-23.379000000000001,0.0));
#595=CARTESIAN_POINT('',(0.0,-23.379000000000001,7.0));
#596=CARTESIAN_POINT('',(0.0,-23.379000000000001,0.0));
#597=CARTESIAN_POINT('',(-1.621000000000000,-23.379000000000001,6.999999999999999));
#598=CARTESIAN_POINT('',(-1.621000000000000,-23.379000000000001,0.0));
#599=CARTESIAN_POINT('',(-1.621000000000000,-25.0,7.0));
#600=CARTESIAN_POINT('',(-1.621000000000000,-25.0,0.0));
#608=(BOUNDED_SURFACE()B_SPLINE_SURFACE(1,2,((#583,#585,#587,#589,#591,#593,#595,#597,#599),(#584,#586,#588,#590,#592,#594,#596,#598,#600)),.UNSPECIFIED.,.F.,.T.,.U.)B_SPLINE_SURFACE_WITH_KNOTS((2,2),(3,2,2,2,3),(-113.498443724579620,-109.180121701137300),(0.0,2.546260845734528,5.092521691469055,7.638782537203583,10.185043382938110),.UNSPECIFIED.)GEOMETRIC_REPRESENTATION_ITEM()RATIONAL_B_SPLINE_SURFACE(((1.0,0.707106781186548,1.0,0.707106781186548,1.0,0.707106781186548,1.0,0.707106781186548,1.0),(1.0,0.707106781186548,1.0,0.707106781186548,1.0,0.707106781186548,1.0,0.707106781186548,1.0)))REPRESENTATION_ITEM('')SURFACE());
#609=CARTESIAN_POINT('',(-1.621000000000001,-25.0,0.0));
#610=VERTEX_POINT('',#609);
#611=CARTESIAN_POINT('',(0.0,-25.0,0.0));
#612=DIRECTION('',(0.0,0.0,1.0));
#613=DIRECTION('',(1.0,0.0,0.0));
#614=AXIS2_PLACEMENT_3D('',#611,#612,#613);
#615=CIRCLE('',#614,1.621000000000000);
#616=EDGE_CURVE('',#610,#610,#615,.T.);
#617=ORIENTED_EDGE('',*,*,#616,.F.);
#618=EDGE_LOOP('',(#617));
#619=FACE_OUTER_BOUND('',#618,.T.);
#620=CARTESIAN_POINT('',(1.621000000000001,-25.0,7.000000000000001));
#621=VERTEX_POINT('',#620);
#622=CARTESIAN_POINT('',(0.0,-25.0,6.999999999999993));
#623=DIRECTION('',(0.0,0.0,-1.0));
#624=DIRECTION('',(1.0,0.0,0.0));
#625=AXIS2_PLACEMENT_3D('',#622,#623,#624);
#626=CIRCLE('',#625,1.621000000000000);
#627=EDGE_CURVE('',#621,#621,#626,.T.);
#628=ORIENTED_EDGE('',*,*,#627,.F.);
#629=EDGE_LOOP('',(#628));
#630=FACE_BOUND('',#629,.T.);
#631=ADVANCED_FACE('',(#619,#630),#608,.F.);
#632=CARTESIAN_POINT('',(23.379000000000001,-25.0,7.0));
#633=CARTESIAN_POINT('',(23.379000000000001,-25.0,0.0));
#634=CARTESIAN_POINT('',(23.379000000000001,-26.621000000000002,6.999999999999999));
#635=CARTESIAN_POINT('',(23.379000000000001,-26.621000000000002,0.0));
#636=CARTESIAN_POINT('',(25.0,-26.620999999999999,7.0));
#637=CARTESIAN_POINT('',(25.0,-26.620999999999999,0.0));
#638=CARTESIAN_POINT('',(26.621000000000002,-26.621000000000002,6.999999999999999));
#639=CARTESIAN_POINT('',(26.621000000000002,-26.621000000000002,0.0));
#640=CARTESIAN_POINT('',(26.620999999999999,-25.0,7.0));
#641=CARTESIAN_POINT('',(26.620999999999999,-25.0,0.0));
#642=CARTESIAN_POINT('',(26.621000000000002,-23.379000000000001,6.999999999999999));
#643=CARTESIAN_POINT('',(26.621000000000002,-23.379000000000001,0.0));
#644=CARTESIAN_POINT('',(25.0,-23.379000000000001,7.0));
#645=CARTESIAN_POINT('',(25.0,-23.379000000000001,0.0));
#646=CARTESIAN_POINT('',(23.379000000000001,-23.379000000000001,6.999999999999999));
#647=CARTESIAN_POINT('',(23.379000000000001,-23.379000000000001,0.0));
#648=CARTESIAN_POINT('',(23.379000000000001,-25.0,7.0));
#649=CARTESIAN_POINT('',(23.379000000000001,-25.0,0.0));
#657=(BOUNDED_SURFACE()B_SPLINE_SURFACE(1,2,((#632,#634,#636,#638,#640,#642,#644,#646,#648),(#633,#635,#637,#639,#641,#643,#645,#647,#649)),.UNSPECIFIED.,.F.,.T.,.U.)B_SPLINE_SURFACE_WITH_KNOTS((2,2),(3,2,2,2,3),(-113.498443724579620,-109.180121701137300),(0.0,2.546260845734528,5.092521691469055,7.638782537203583,10.185043382938110),.UNSPECIFIED.)GEOMETRIC_REPRESENTATION_ITEM()RATIONAL_B_SPLINE_SURFACE(((1.0,0.707106781186548,1.0,0.707106781186548,1.0,0.707106781186548,1.0,0.707106781186548,1.0),(1.0,0.707106781186548,1.0,0.707106781186548,1.0,0.707106781186548,1.0,0.707106781186548,1.0)))REPRESENTATION_ITEM('')SURFACE());
#658=CARTESIAN_POINT('',(23.378999999999994,-25.0,0.0));
#659=VERTEX_POINT('',#658);
#660=CARTESIAN_POINT('',(25.0,-25.0,0.0));
#661=DIRECTION('',(0.0,0.0,1.0));
#662=DIRECTION('',(1.0,0.0,0.0));
#663=AXIS2_PLACEMENT_3D('',#660,#661,#662);
#664=CIRCLE('',#663,1.621000000000000);
#665=EDGE_CURVE('',#659,#659,#664,.T.);
#666=ORIENTED_EDGE('',*,*,#665,.F.);
#667=EDGE_LOOP('',(#666));
#668=FACE_OUTER_BOUND('',#667,.T.);
#669=CARTESIAN_POINT('',(26.621000000000006,-25.0,7.000000000000001));
#670=VERTEX_POINT('',#669);
#671=CARTESIAN_POINT('',(25.0,-25.0,6.999999999999993));
#672=DIRECTION('',(0.0,0.0,-1.0));
#673=DIRECTION('',(1.0,0.0,0.0));
#674=AXIS2_PLACEMENT_3D('',#671,#672,#673);
#675=CIRCLE('',#674,1.621000000000000);
#676=EDGE_CURVE('',#670,#670,#675,.T.);
#677=ORIENTED_EDGE('',*,*,#676,.F.);
#678=EDGE_LOOP('',(#677));
#679=FACE_BOUND('',#678,.T.);
#680=ADVANCED_FACE('',(#668,#679),#657,.F.);
#681=CARTESIAN_POINT('',(-26.620999999999999,-1.985087E-016,7.0));
#682=CARTESIAN_POINT('',(-26.620999999999999,-1.985087E-016,0.0));
#683=CARTESIAN_POINT('',(-26.621000000000002,-1.620999999999998,6.999999999999999));
#684=CARTESIAN_POINT('',(-26.621000000000002,-1.620999999999998,0.0));
#685=CARTESIAN_POINT('',(-25.0,-1.620999999999999,7.0));
#686=CARTESIAN_POINT('',(-25.0,-1.620999999999999,0.0));
#687=CARTESIAN_POINT('',(-23.379000000000001,-1.620999999999998,6.999999999999999));
#688=CARTESIAN_POINT('',(-23.379000000000001,-1.620999999999998,0.0));
#689=CARTESIAN_POINT('',(-23.379000000000001,1.985087E-016,7.0));
#690=CARTESIAN_POINT('',(-23.379000000000001,1.985087E-016,0.0));
#691=CARTESIAN_POINT('',(-23.379000000000001,1.620999999999998,6.999999999999999));
#692=CARTESIAN_POINT('',(-23.379000000000001,1.620999999999998,0.0));
#693=CARTESIAN_POINT('',(-25.0,1.620999999999999,7.0));
#694=CARTESIAN_POINT('',(-25.0,1.620999999999999,0.0));
#695=CARTESIAN_POINT('',(-26.621000000000002,1.620999999999998,6.999999999999999));
#696=CARTESIAN_POINT('',(-26.621000000000002,1.620999999999998,0.0));
#697=CARTESIAN_POINT('',(-26.620999999999999,-1.985087E-016,7.0));
#698=CARTESIAN_POINT('',(-26.620999999999999,-1.985087E-016,0.0));
#706=(BOUNDED_SURFACE()B_SPLINE_SURFACE(1,2,((#681,#683,#685,#687,#689,#691,#693,#695,#697),(#682,#684,#686,#688,#690,#692,#694,#696,#698)),.UNSPECIFIED.,.F.,.T.,.U.)B_SPLINE_SURFACE_WITH_KNOTS((2,2),(3,2,2,2,3),(-113.498443724579620,-109.180121701137300),(0.0,2.546260845734528,5.092521691469055,7.638782537203583,10.185043382938110),.UNSPECIFIED.)GEOMETRIC_REPRESENTATION_ITEM()RATIONAL_B_SPLINE_SURFACE(((1.0,0.707106781186548,1.0,0.707106781186548,1.0,0.707106781186548,1.0,0.707106781186548,1.0),(1.0,0.707106781186548,1.0,0.707106781186548,1.0,0.707106781186548,1.0,0.707106781186548,1.0)))REPRESENTATION_ITEM('')SURFACE());
#707=CARTESIAN_POINT('',(-26.621000000000002,0.0,0.0));
#708=VERTEX_POINT('',#707);
#709=CARTESIAN_POINT('',(-25.0,0.0,0.0));
#710=DIRECTION('',(0.0,0.0,1.0));
#711=DIRECTION('',(1.0,0.0,0.0));
#712=AXIS2_PLACEMENT_3D('',#709,#710,#711);
#713=CIRCLE('',#712,1.621000000000000);
#714=EDGE_CURVE('',#708,#708,#713,.T.);
#715=ORIENTED_EDGE('',*,*,#714,.F.);
#716=EDGE_LOOP('',(#715));
#717=FACE_OUTER_BOUND('',#716,.T.);
#718=CARTESIAN_POINT('',(-23.378999999999998,0.0,7.000000000000001));
#719=VERTEX_POINT('',#718);
#720=CARTESIAN_POINT('',(-25.0,0.0,6.999999999999993));
#721=DIRECTION('',(0.0,0.0,-1.0));
#722=DIRECTION('',(1.0,0.0,0.0));
#723=AXIS2_PLACEMENT_3D('',#720,#721,#722);
#724=CIRCLE('',#723,1.621000000000000);
#725=EDGE_CURVE('',#719,#719,#724,.T.);
#726=ORIENTED_EDGE('',*,*,#725,.F.);
#727=EDGE_LOOP('',(#726));
#728=FACE_BOUND('',#727,.T.);
#729=ADVANCED_FACE('',(#717,#728),#706,.F.);
#730=CARTESIAN_POINT('',(23.379000000000001,-1.985087E-016,7.0));
#731=CARTESIAN_POINT('',(23.379000000000001,-1.985087E-016,0.0));
#732=CARTESIAN_POINT('',(23.379000000000001,-1.620999999999998,6.999999999999999));
#733=CARTESIAN_POINT('',(23.379000000000001,-1.620999999999998,0.0));
#734=CARTESIAN_POINT('',(25.0,-1.620999999999999,7.0));
#735=CARTESIAN_POINT('',(25.0,-1.620999999999999,0.0));
#736=CARTESIAN_POINT('',(26.621000000000002,-1.620999999999998,6.999999999999999));
#737=CARTESIAN_POINT('',(26.621000000000002,-1.620999999999998,0.0));
#738=CARTESIAN_POINT('',(26.620999999999999,1.985087E-016,7.0));
#739=CARTESIAN_POINT('',(26.620999999999999,1.985087E-016,0.0));
#740=CARTESIAN_POINT('',(26.621000000000002,1.620999999999998,6.999999999999999));
#741=CARTESIAN_POINT('',(26.621000000000002,1.620999999999998,0.0));
#742=CARTESIAN_POINT('',(25.0,1.620999999999999,7.0));
#743=CARTESIAN_POINT('',(25.0,1.620999999999999,0.0));
#744=CARTESIAN_POINT('',(23.379000000000001,1.620999999999998,6.999999999999999));
#745=CARTESIAN_POINT('',(23.379000000000001,1.620999999999998,0.0));
#746=CARTESIAN_POINT('',(23.379000000000001,-1.985087E-016,7.0));
#747=CARTESIAN_POINT('',(23.379000000000001,-1.985087E-016,0.0));
#755=(BOUNDED_SURFACE()B_SPLINE_SURFACE(1,2,((#730,#732,#734,#736,#738,#740,#742,#744,#746),(#731,#733,#735,#737,#739,#741,#743,#745,#747)),.UNSPECIFIED.,.F.,.T.,.U.)B_SPLINE_SURFACE_WITH_KNOTS((2,2),(3,2,2,2,3),(-113.498443724579620,-109.180121701137300),(0.0,2.546260845734528,5.092521691469055,7.638782537203583,10.185043382938110),.UNSPECIFIED.)GEOMETRIC_REPRESENTATION_ITEM()RATIONAL_B_SPLINE_SURFACE(((1.0,0.707106781186548,1.0,0.707106781186548,1.0,0.707106781186548,1.0,0.707106781186548,1.0),(1.0,0.707106781186548,1.0,0.707106781186548,1.0,0.707106781186548,1.0,0.707106781186548,1.0)))REPRESENTATION_ITEM('')SURFACE());
#756=CARTESIAN_POINT('',(23.378999999999994,0.0,0.0));
#757=VERTEX_POINT('',#756);
#758=CARTESIAN_POINT('',(25.0,0.0,0.0));
#759=DIRECTION('',(0.0,0.0,1.0));
#760=DIRECTION('',(1.0,0.0,0.0));
#761=AXIS2_PLACEMENT_3D('',#758,#759,#760);
#762=CIRCLE('',#761,1.621000000000000);
#763=EDGE_CURVE('',#757,#757,#762,.T.);
#764=ORIENTED_EDGE('',*,*,#763,.F.);
#765=EDGE_LOOP('',(#764));
#766=FACE_OUTER_BOUND('',#765,.T.);
#767=CARTESIAN_POINT('',(26.621000000000006,0.0,7.000000000000001));
#768=VERTEX_POINT('',#767);
#769=CARTESIAN_POINT('',(25.0,0.0,6.999999999999993));
#770=DIRECTION('',(0.0,0.0,-1.0));
#771=DIRECTION('',(1.0,0.0,0.0));
#772=AXIS2_PLACEMENT_3D('',#769,#770,#771);
#773=CIRCLE('',#772,1.621000000000000);
#774=EDGE_CURVE('',#768,#768,#773,.T.);
#775=ORIENTED_EDGE('',*,*,#774,.F.);
#776=EDGE_LOOP('',(#775));
#777=FACE_BOUND('',#776,.T.);
#778=ADVANCED_FACE('',(#766,#777),#755,.F.);
#779=CARTESIAN_POINT('',(-26.620999999999999,25.0,7.0));
#780=CARTESIAN_POINT('',(-26.620999999999999,25.0,0.0));
#781=CARTESIAN_POINT('',(-26.621000000000002,23.379000000000001,6.999999999999999));
#782=CARTESIAN_POINT('',(-26.621000000000002,23.379000000000001,0.0));
#783=CARTESIAN_POINT('',(-25.0,23.379000000000001,7.0));
#784=CARTESIAN_POINT('',(-25.0,23.379000000000001,0.0));
#785=CARTESIAN_POINT('',(-23.379000000000001,23.379000000000001,6.999999999999999));
#786=CARTESIAN_POINT('',(-23.379000000000001,23.379000000000001,0.0));
#787=CARTESIAN_POINT('',(-23.379000000000001,25.0,7.0));
#788=CARTESIAN_POINT('',(-23.379000000000001,25.0,0.0));
#789=CARTESIAN_POINT('',(-23.379000000000001,26.621000000000002,6.999999999999999));
#790=CARTESIAN_POINT('',(-23.379000000000001,26.621000000000002,0.0));
#791=CARTESIAN_POINT('',(-25.0,26.620999999999999,7.0));
#792=CARTESIAN_POINT('',(-25.0,26.620999999999999,0.0));
#793=CARTESIAN_POINT('',(-26.621000000000002,26.621000000000002,6.999999999999999));
#794=CARTESIAN_POINT('',(-26.621000000000002,26.621000000000002,0.0));
#795=CARTESIAN_POINT('',(-26.620999999999999,25.0,7.0));
#796=CARTESIAN_POINT('',(-26.620999999999999,25.0,0.0));
#804=(BOUNDED_SURFACE()B_SPLINE_SURFACE(1,2,((#779,#781,#783,#785,#787,#789,#791,#793,#795),(#780,#782,#784,#786,#788,#790,#792,#794,#796)),.UNSPECIFIED.,.F.,.T.,.U.)B_SPLINE_SURFACE_WITH_KNOTS((2,2),(3,2,2,2,3),(-113.498443724579620,-109.180121701137300),(0.0,2.546260845734528,5.092521691469055,7.638782537203583,10.185043382938110),.UNSPECIFIED.)GEOMETRIC_REPRESENTATION_ITEM()RATIONAL_B_SPLINE_SURFACE(((1.0,0.707106781186548,1.0,0.707106781186548,1.0,0.707106781186548,1.0,0.707106781186548,1.0),(1.0,0.707106781186548,1.0,0.707106781186548,1.0,0.707106781186548,1.0,0.707106781186548,1.0)))REPRESENTATION_ITEM('')SURFACE());
#805=CARTESIAN_POINT('',(-26.621000000000002,25.0,0.0));
#806=VERTEX_POINT('',#805);
#807=CARTESIAN_POINT('',(-25.0,25.0,0.0));
#808=DIRECTION('',(0.0,0.0,1.0));
#809=DIRECTION('',(1.0,0.0,0.0));
#810=AXIS2_PLACEMENT_3D('',#807,#808,#809);
#811=CIRCLE('',#810,1.621000000000000);
#812=EDGE_CURVE('',#806,#806,#811,.T.);
#813=ORIENTED_EDGE('',*,*,#812,.F.);
#814=EDGE_LOOP('',(#813));
#815=FACE_OUTER_BOUND('',#814,.T.);
#816=CARTESIAN_POINT('',(-23.378999999999998,25.0,7.000000000000001));
#817=VERTEX_POINT('',#816);
#818=CARTESIAN_POINT('',(-25.0,25.0,6.999999999999993));
#819=DIRECTION('',(0.0,0.0,-1.0));
#820=DIRECTION('',(1.0,0.0,0.0));
#821=AXIS2_PLACEMENT_3D('',#818,#819,#820);
#822=CIRCLE('',#821,1.621000000000000);
#823=EDGE_CURVE('',#817,#817,#822,.T.);
#824=ORIENTED_EDGE('',*,*,#823,.F.);
#825=EDGE_LOOP('',(#824));
#826=FACE_BOUND('',#825,.T.);
#827=ADVANCED_FACE('',(#815,#826),#804,.F.);
#828=CARTESIAN_POINT('',(-1.621000000000000,25.0,7.0));
#829=CARTESIAN_POINT('',(-1.621000000000000,25.0,0.0));
#830=CARTESIAN_POINT('',(-1.621000000000000,23.379000000000001,6.999999999999999));
#831=CARTESIAN_POINT('',(-1.621000000000000,23.379000000000001,0.0));
#832=CARTESIAN_POINT('',(0.0,23.379000000000001,7.0));
#833=CARTESIAN_POINT('',(0.0,23.379000000000001,0.0));
#834=CARTESIAN_POINT('',(1.621000000000000,23.379000000000001,6.999999999999999));
#835=CARTESIAN_POINT('',(1.621000000000000,23.379000000000001,0.0));
#836=CARTESIAN_POINT('',(1.621000000000000,25.0,7.0));
#837=CARTESIAN_POINT('',(1.621000000000000,25.0,0.0));
#838=CARTESIAN_POINT('',(1.621000000000000,26.621000000000002,6.999999999999999));
#839=CARTESIAN_POINT('',(1.621000000000000,26.621000000000002,0.0));
#840=CARTESIAN_POINT('',(0.0,26.620999999999999,7.0));
#841=CARTESIAN_POINT('',(0.0,26.620999999999999,0.0));
#842=CARTESIAN_POINT('',(-1.621000000000000,26.621000000000002,6.999999999999999));
#843=CARTESIAN_POINT('',(-1.621000000000000,26.621000000000002,0.0));
#844=CARTESIAN_POINT('',(-1.621000000000000,25.0,7.0));
#845=CARTESIAN_POINT('',(-1.621000000000000,25.0,0.0));
#853=(BOUNDED_SURFACE()B_SPLINE_SURFACE(1,2,((#828,#830,#832,#834,#836,#838,#840,#842,#844),(#829,#831,#833,#835,#837,#839,#841,#843,#845)),.UNSPECIFIED.,.F.,.T.,.U.)B_SPLINE_SURFACE_WITH_KNOTS((2,2),(3,2,2,2,3),(-113.498443724579620,-109.180121701137300),(0.0,2.546260845734528,5.092521691469055,7.638782537203583,10.185043382938110),.UNSPECIFIED.)GEOMETRIC_REPRESENTATION_ITEM()RATIONAL_B_SPLINE_SURFACE(((1.0,0.707106781186548,1.0,0.707106781186548,1.0,0.707106781186548,1.0,0.707106781186548,1.0),(1.0,0.707106781186548,1.0,0.707106781186548,1.0,0.707106781186548,1.0,0.707106781186548,1.0)))REPRESENTATION_ITEM('')SURFACE());
#854=CARTESIAN_POINT('',(-1.621000000000001,25.0,0.0));
#855=VERTEX_POINT('',#854);
#856=CARTESIAN_POINT('',(0.0,25.0,0.0));
#857=DIRECTION('',(0.0,0.0,1.0));
#858=DIRECTION('',(1.0,0.0,0.0));
#859=AXIS2_PLACEMENT_3D('',#856,#857,#858);
#860=CIRCLE('',#859,1.621000000000000);
#861=EDGE_CURVE('',#855,#855,#860,.T.);
#862=ORIENTED_EDGE('',*,*,#861,.F.);
#863=EDGE_LOOP('',(#862));
#864=FACE_OUTER_BOUND('',#863,.T.);
#865=CARTESIAN_POINT('',(1.621000000000001,25.0,7.000000000000001));
#866=VERTEX_POINT('',#865);
#867=CARTESIAN_POINT('',(0.0,25.0,6.999999999999993));
#868=DIRECTION('',(0.0,0.0,-1.0));
#869=DIRECTION('',(1.0,0.0,0.0));
#870=AXIS2_PLACEMENT_3D('',#867,#868,#869);
#871=CIRCLE('',#870,1.621000000000000);
#872=EDGE_CURVE('',#866,#866,#871,.T.);
#873=ORIENTED_EDGE('',*,*,#872,.F.);
#874=EDGE_LOOP('',(#873));
#875=FACE_BOUND('',#874,.T.);
#876=ADVANCED_FACE('',(#864,#875),#853,.F.);
#877=CARTESIAN_POINT('',(23.379000000000001,25.0,7.0));
#878=CARTESIAN_POINT('',(23.379000000000001,25.0,0.0));
#879=CARTESIAN_POINT('',(23.379000000000001,23.379000000000001,6.999999999999999));
#880=CARTESIAN_POINT('',(23.379000000000001,23.379000000000001,0.0));
#881=CARTESIAN_POINT('',(25.0,23.379000000000001,7.0));
#882=CARTESIAN_POINT('',(25.0,23.379000000000001,0.0));
#883=CARTESIAN_POINT('',(26.621000000000002,23.379000000000001,6.999999999999999));
#884=CARTESIAN_POINT('',(26.621000000000002,23.379000000000001,0.0));
#885=CARTESIAN_POINT('',(26.620999999999999,25.0,7.0));
#886=CARTESIAN_POINT('',(26.620999999999999,25.0,0.0));
#887=CARTESIAN_POINT('',(26.621000000000002,26.621000000000002,6.999999999999999));
#888=CARTESIAN_POINT('',(26.621000000000002,26.621000000000002,0.0));
#889=CARTESIAN_POINT('',(25.0,26.620999999999999,7.0));
#890=CARTESIAN_POINT('',(25.0,26.620999999999999,0.0));
#891=CARTESIAN_POINT('',(23.379000000000001,26.621000000000002,6.999999999999999));
#892=CARTESIAN_POINT('',(23.379000000000001,26.621000000000002,0.0));
#893=CARTESIAN_POINT('',(23.379000000000001,25.0,7.0));
#894=CARTESIAN_POINT('',(23.379000000000001,25.0,0.0));
#902=(BOUNDED_SURFACE()B_SPLINE_SURFACE(1,2,((#877,#879,#881,#883,#885,#887,#889,#891,#893),(#878,#880,#882,#884,#886,#888,#890,#892,#894)),.UNSPECIFIED.,.F.,.T.,.U.)B_SPLINE_SURFACE_WITH_KNOTS((2,2),(3,2,2,2,3),(-113.498443724579620,-109.180121701137300),(0.0,2.546260845734528,5.092521691469055,7.638782537203583,10.185043382938110),.UNSPECIFIED.)GEOMETRIC_REPRESENTATION_ITEM()RATIONAL_B_SPLINE_SURFACE(((1.0,0.707106781186548,1.0,0.707106781186548,1.0,0.707106781186548,1.0,0.707106781186548,1.0),(1.0,0.707106781186548,1.0,0.707106781186548,1.0,0.707106781186548,1.0,0.707106781186548,1.0)))REPRESENTATION_ITEM('')SURFACE());
#903=CARTESIAN_POINT('',(23.378999999999998,25.0,0.0));
#904=VERTEX_POINT('',#903);
#905=CARTESIAN_POINT('',(25.0,25.0,0.0));
#906=DIRECTION('',(0.0,0.0,1.0));
#907=DIRECTION('',(1.0,0.0,0.0));
#908=AXIS2_PLACEMENT_3D('',#905,#906,#907);
#909=CIRCLE('',#908,1.621000000000000);
#910=EDGE_CURVE('',#904,#904,#909,.T.);
#911=ORIENTED_EDGE('',*,*,#910,.F.);
#912=EDGE_LOOP('',(#911));
#913=FACE_OUTER_BOUND('',#912,.T.);
#914=CARTESIAN_POINT('',(26.621000000000002,25.0,7.000000000000001));
#915=VERTEX_POINT('',#914);
#916=CARTESIAN_POINT('',(25.0,25.0,6.999999999999993));
#917=DIRECTION('',(0.0,0.0,-1.0));
#918=DIRECTION('',(1.0,0.0,0.0));
#919=AXIS2_PLACEMENT_3D('',#916,#917,#918);
#920=CIRCLE('',#919,1.621000000000000);
#921=EDGE_CURVE('',#915,#915,#920,.T.);
#922=ORIENTED_EDGE('',*,*,#921,.F.);
#923=EDGE_LOOP('',(#922));
#924=FACE_BOUND('',#923,.T.);
#925=ADVANCED_FACE('',(#913,#924),#902,.F.);
#926=CARTESIAN_POINT('',(-7.458500000000000,-9.133726E-016,7.0));
#927=CARTESIAN_POINT('',(-7.458500000000000,-9.133726E-016,0.0));
#928=CARTESIAN_POINT('',(-7.458499999999998,-7.458499999999999,6.999999999999999));
#929=CARTESIAN_POINT('',(-7.458499999999998,-7.458499999999999,0.0));
#930=CARTESIAN_POINT('',(9.133726E-016,-7.458500000000000,7.0));
#931=CARTESIAN_POINT('',(9.133726E-016,-7.458500000000000,0.0));
#932=CARTESIAN_POINT('',(7.458499999999999,-7.458499999999998,6.999999999999999));
#933=CARTESIAN_POINT('',(7.458499999999999,-7.458499999999998,0.0));
#934=CARTESIAN_POINT('',(7.458500000000000,9.133726E-016,7.0));
#935=CARTESIAN_POINT('',(7.458500000000000,9.133726E-016,0.0));
#936=CARTESIAN_POINT('',(7.458499999999998,7.458499999999999,6.999999999999999));
#937=CARTESIAN_POINT('',(7.458499999999998,7.458499999999999,0.0));
#938=CARTESIAN_POINT('',(-9.133726E-016,7.458500000000000,7.0));
#939=CARTESIAN_POINT('',(-9.133726E-016,7.458500000000000,0.0));
#940=CARTESIAN_POINT('',(-7.458499999999999,7.458499999999998,6.999999999999999));
#941=CARTESIAN_POINT('',(-7.458499999999999,7.458499999999998,0.0));
#942=CARTESIAN_POINT('',(-7.458500000000000,-9.133726E-016,7.0));
#943=CARTESIAN_POINT('',(-7.458500000000000,-9.133726E-016,0.0));
#951=(BOUNDED_SURFACE()B_SPLINE_SURFACE(1,2,((#926,#928,#930,#932,#934,#936,#938,#940,#942),(#927,#929,#931,#933,#935,#937,#939,#941,#943)),.UNSPECIFIED.,.F.,.T.,.U.)B_SPLINE_SURFACE_WITH_KNOTS((2,2),(3,2,2,2,3),(-24.667289304490659,-23.728762791116658),(0.0,11.715784403399736,23.431568806799472,35.147353210199206,46.863137613598944),.UNSPECIFIED.)GEOMETRIC_REPRESENTATION_ITEM()RATIONAL_B_SPLINE_SURFACE(((1.0,0.707106781186548,1.0,0.707106781186548,1.0,0.707106781186548,1.0,0.707106781186548,1.0),(1.0,0.707106781186548,1.0,0.707106781186548,1.0,0.707106781186548,1.0,0.707106781186548,1.0)))REPRESENTATION_ITEM('')SURFACE());
#952=CARTESIAN_POINT('',(-7.458500000000000,-9.133726E-016,0.0));
#953=VERTEX_POINT('',#952);
#954=CARTESIAN_POINT('',(0.0,0.0,0.0));
#955=DIRECTION('',(0.0,0.0,1.0));
#956=DIRECTION('',(1.0,0.0,0.0));
#957=AXIS2_PLACEMENT_3D('',#954,#955,#956);
#958=CIRCLE('',#957,7.458500000000000);
#959=EDGE_CURVE('',#953,#953,#958,.T.);
#960=ORIENTED_EDGE('',*,*,#959,.F.);
#961=EDGE_LOOP('',(#960));
#962=FACE_OUTER_BOUND('',#961,.T.);
#963=CARTESIAN_POINT('',(7.458500000000000,0.0,7.000000000000001));
#964=VERTEX_POINT('',#963);
#965=CARTESIAN_POINT('',(0.0,0.0,6.999999999999993));
#966=DIRECTION('',(0.0,0.0,-1.0));
#967=DIRECTION('',(1.0,0.0,0.0));
#968=AXIS2_PLACEMENT_3D('',#965,#966,#967);
#969=CIRCLE('',#968,7.458500000000000);
#970=EDGE_CURVE('',#964,#964,#969,.T.);
#971=ORIENTED_EDGE('',*,*,#970,.F.);
#972=EDGE_LOOP('',(#971));
#973=FACE_BOUND('',#972,.T.);
#974=ADVANCED_FACE('',(#962,#973),#951,.F.);
#975=CARTESIAN_POINT('',(21.499999999999986,85.0,7.000000000000001));
#976=DIRECTION('',(-1.0,0.0,0.0));
#977=DIRECTION('',(0.0,0.0,1.0));
#978=AXIS2_PLACEMENT_3D('',#975,#976,#977);
#979=PLANE('',#978);
#980=CARTESIAN_POINT('',(21.499999999999986,85.0,0.0));
#981=VERTEX_POINT('',#980);
#982=CARTESIAN_POINT('',(21.499999999999993,43.500000000000007,0.0));
#983=VERTEX_POINT('',#982);
#984=CARTESIAN_POINT('',(21.499999999999986,85.0,0.0));
#985=DIRECTION('',(0.0,-1.0,0.0));
#986=VECTOR('',#985,41.499999999999993);
#987=LINE('',#984,#986);
#988=EDGE_CURVE('',#981,#983,#987,.T.);
#989=ORIENTED_EDGE('',*,*,#988,.F.);
#990=CARTESIAN_POINT('',(21.499999999999986,85.0,7.000000000000001));
#991=VERTEX_POINT('',#990);
#992=CARTESIAN_POINT('',(21.499999999999986,85.0,7.000000000000001));
#993=DIRECTION('',(0.0,0.0,-1.0));
#994=VECTOR('',#993,7.000000000000001);
#995=LINE('',#992,#994);
#996=EDGE_CURVE('',#991,#981,#995,.T.);
#997=ORIENTED_EDGE('',*,*,#996,.F.);
#998=CARTESIAN_POINT('',(21.499999999999993,43.500000000000007,7.000000000000001));
#999=VERTEX_POINT('',#998);
#1000=CARTESIAN_POINT('',(21.499999999999993,43.500000000000007,7.000000000000001));
#1001=DIRECTION('',(0.0,1.0,0.0));
#1002=VECTOR('',#1001,41.499999999999993);
#1003=LINE('',#1000,#1002);
#1004=EDGE_CURVE('',#999,#991,#1003,.T.);
#1005=ORIENTED_EDGE('',*,*,#1004,.F.);
#1006=CARTESIAN_POINT('',(21.499999999999993,43.500000000000007,7.000000000000001));
#1007=DIRECTION('',(0.0,0.0,-1.0));
#1008=VECTOR('',#1007,7.000000000000001);
#1009=LINE('',#1006,#1008);
#1010=EDGE_CURVE('',#999,#983,#1009,.T.);
#1011=ORIENTED_EDGE('',*,*,#1010,.T.);
#1012=EDGE_LOOP('',(#989,#997,#1005,#1011));
#1013=FACE_OUTER_BOUND('',#1012,.T.);
#1014=ADVANCED_FACE('',(#1013),#979,.F.);
#1015=CARTESIAN_POINT('',(25.0,43.500000000000007,7.000000000000001));
#1016=DIRECTION('',(0.0,0.0,-1.0));
#1017=DIRECTION('',(-1.0,0.0,0.0));
#1018=AXIS2_PLACEMENT_3D('',#1015,#1016,#1017);
#1019=CYLINDRICAL_SURFACE('',#1018,3.500000000000000);
#1020=CARTESIAN_POINT('',(28.499999999999996,43.500000000000007,0.0));
#1021=VERTEX_POINT('',#1020);
#1022=CARTESIAN_POINT('',(25.0,43.500000000000007,0.0));
#1023=DIRECTION('',(0.0,0.0,1.0));
#1024=DIRECTION('',(-1.0,0.0,0.0));
#1025=AXIS2_PLACEMENT_3D('',#1022,#1023,#1024);
#1026=CIRCLE('',#1025,3.500000000000000);
#1027=EDGE_CURVE('',#983,#1021,#1026,.T.);
#1028=ORIENTED_EDGE('',*,*,#1027,.F.);
#1029=ORIENTED_EDGE('',*,*,#1010,.F.);
#1030=CARTESIAN_POINT('',(28.499999999999996,43.500000000000007,7.000000000000001));
#1031=VERTEX_POINT('',#1030);
#1032=CARTESIAN_POINT('',(25.0,43.500000000000007,7.000000000000001));
#1033=DIRECTION('',(0.0,0.0,-1.0));
#1034=DIRECTION('',(-1.0,0.0,0.0));
#1035=AXIS2_PLACEMENT_3D('',#1032,#1033,#1034);
#1036=CIRCLE('',#1035,3.500000000000000);
#1037=EDGE_CURVE('',#1031,#999,#1036,.T.);
#1038=ORIENTED_EDGE('',*,*,#1037,.F.);
#1039=CARTESIAN_POINT('',(28.499999999999996,43.500000000000007,7.000000000000001));
#1040=DIRECTION('',(0.0,0.0,-1.0));
#1041=VECTOR('',#1040,7.000000000000001);
#1042=LINE('',#1039,#1041);
#1043=EDGE_CURVE('',#1031,#1021,#1042,.T.);
#1044=ORIENTED_EDGE('',*,*,#1043,.T.);
#1045=EDGE_LOOP('',(#1028,#1029,#1038,#1044));
#1046=FACE_OUTER_BOUND('',#1045,.T.);
#1047=ADVANCED_FACE('',(#1046),#1019,.F.);
#1048=CARTESIAN_POINT('',(28.499999999999996,43.500000000000007,7.000000000000001));
#1049=DIRECTION('',(1.0,0.0,0.0));
#1050=DIRECTION('',(0.0,0.0,-1.0));
#1051=AXIS2_PLACEMENT_3D('',#1048,#1049,#1050);
#1052=PLANE('',#1051);
#1053=CARTESIAN_POINT('',(28.499999999999996,85.0,0.0));
#1054=VERTEX_POINT('',#1053);
#1055=CARTESIAN_POINT('',(28.499999999999996,43.500000000000007,0.0));
#1056=DIRECTION('',(0.0,1.0,0.0));
#1057=VECTOR('',#1056,41.499999999999993);
#1058=LINE('',#1055,#1057);
#1059=EDGE_CURVE('',#1021,#1054,#1058,.T.);
#1060=ORIENTED_EDGE('',*,*,#1059,.F.);
#1061=ORIENTED_EDGE('',*,*,#1043,.F.);
#1062=CARTESIAN_POINT('',(28.499999999999996,85.0,7.000000000000001));
#1063=VERTEX_POINT('',#1062);
#1064=CARTESIAN_POINT('',(28.499999999999996,85.0,7.000000000000001));
#1065=DIRECTION('',(0.0,-1.0,0.0));
#1066=VECTOR('',#1065,41.499999999999993);
#1067=LINE('',#1064,#1066);
#1068=EDGE_CURVE('',#1063,#1031,#1067,.T.);
#1069=ORIENTED_EDGE('',*,*,#1068,.F.);
#1070=CARTESIAN_POINT('',(28.499999999999996,85.0,0.0));
#1071=DIRECTION('',(0.0,0.0,1.0));
#1072=VECTOR('',#1071,7.000000000000001);
#1073=LINE('',#1070,#1072);
#1074=EDGE_CURVE('',#1054,#1063,#1073,.T.);
#1075=ORIENTED_EDGE('',*,*,#1074,.F.);
#1076=EDGE_LOOP('',(#1060,#1061,#1069,#1075));
#1077=FACE_OUTER_BOUND('',#1076,.T.);
#1078=ADVANCED_FACE('',(#1077),#1052,.F.);
#1079=CARTESIAN_POINT('',(21.500000000000004,-43.500000000000007,7.000000000000001));
#1080=DIRECTION('',(-1.0,0.0,0.0));
#1081=DIRECTION('',(0.0,0.0,1.0));
#1082=AXIS2_PLACEMENT_3D('',#1079,#1080,#1081);
#1083=PLANE('',#1082);
#1084=CARTESIAN_POINT('',(21.500000000000004,-43.500000000000007,0.0));
#1085=VERTEX_POINT('',#1084);
#1086=CARTESIAN_POINT('',(21.500000000000021,-85.0,0.0));
#1087=VERTEX_POINT('',#1086);
#1088=CARTESIAN_POINT('',(21.500000000000004,-43.500000000000007,0.0));
#1089=DIRECTION('',(0.0,-1.0,0.0));
#1090=VECTOR('',#1089,41.499999999999993);
#1091=LINE('',#1088,#1090);
#1092=EDGE_CURVE('',#1085,#1087,#1091,.T.);
#1093=ORIENTED_EDGE('',*,*,#1092,.F.);
#1094=CARTESIAN_POINT('',(21.500000000000004,-43.500000000000007,7.000000000000001));
#1095=VERTEX_POINT('',#1094);
#1096=CARTESIAN_POINT('',(21.500000000000004,-43.500000000000007,7.000000000000001));
#1097=DIRECTION('',(0.0,0.0,-1.0));
#1098=VECTOR('',#1097,7.000000000000001);
#1099=LINE('',#1096,#1098);
#1100=EDGE_CURVE('',#1095,#1085,#1099,.T.);
#1101=ORIENTED_EDGE('',*,*,#1100,.F.);
#1102=CARTESIAN_POINT('',(21.500000000000021,-85.0,7.000000000000001));
#1103=VERTEX_POINT('',#1102);
#1104=CARTESIAN_POINT('',(21.500000000000021,-85.0,7.000000000000001));
#1105=DIRECTION('',(0.0,1.0,0.0));
#1106=VECTOR('',#1105,41.499999999999993);
#1107=LINE('',#1104,#1106);
#1108=EDGE_CURVE('',#1103,#1095,#1107,.T.);
#1109=ORIENTED_EDGE('',*,*,#1108,.F.);
#1110=CARTESIAN_POINT('',(21.500000000000021,-85.0,0.0));
#1111=DIRECTION('',(0.0,0.0,1.0));
#1112=VECTOR('',#1111,7.000000000000001);
#1113=LINE('',#1110,#1112);
#1114=EDGE_CURVE('',#1087,#1103,#1113,.T.);
#1115=ORIENTED_EDGE('',*,*,#1114,.F.);
#1116=EDGE_LOOP('',(#1093,#1101,#1109,#1115));
#1117=FACE_OUTER_BOUND('',#1116,.T.);
#1118=ADVANCED_FACE('',(#1117),#1083,.F.);
#1119=CARTESIAN_POINT('',(25.0,-43.500000000000007,7.000000000000001));
#1120=DIRECTION('',(0.0,0.0,-1.0));
#1121=DIRECTION('',(0.999999999999974,0.000000228926767,0.0));
#1122=AXIS2_PLACEMENT_3D('',#1119,#1120,#1121);
#1123=CYLINDRICAL_SURFACE('',#1122,3.499999999999995);
#1124=CARTESIAN_POINT('',(28.499999999999996,-43.499999198756321,0.0));
#1125=VERTEX_POINT('',#1124);
#1126=CARTESIAN_POINT('',(25.0,-43.500000000000007,0.0));
#1127=DIRECTION('',(0.0,0.0,1.000000000000000));
#1128=DIRECTION('',(0.999999999999974,0.000000228926767,0.0));
#1129=AXIS2_PLACEMENT_3D('',#1126,#1127,#1128);
#1130=CIRCLE('',#1129,3.499999999999995);
#1131=EDGE_CURVE('',#1125,#1085,#1130,.T.);
#1132=ORIENTED_EDGE('',*,*,#1131,.F.);
#1133=CARTESIAN_POINT('',(28.499999999999996,-43.499999198756321,7.000000000000001));
#1134=VERTEX_POINT('',#1133);
#1135=CARTESIAN_POINT('',(28.499999999999996,-43.499999198756321,7.000000000000001));
#1136=DIRECTION('',(0.0,0.0,-1.0));
#1137=VECTOR('',#1136,7.000000000000001);
#1138=LINE('',#1135,#1137);
#1139=EDGE_CURVE('',#1134,#1125,#1138,.T.);
#1140=ORIENTED_EDGE('',*,*,#1139,.F.);
#1141=CARTESIAN_POINT('',(25.0,-43.500000000000007,7.000000000000001));
#1142=DIRECTION('',(0.0,0.0,-1.000000000000000));
#1143=DIRECTION('',(0.999999999999974,0.000000228926767,0.0));
#1144=AXIS2_PLACEMENT_3D('',#1141,#1142,#1143);
#1145=CIRCLE('',#1144,3.499999999999995);
#1146=EDGE_CURVE('',#1095,#1134,#1145,.T.);
#1147=ORIENTED_EDGE('',*,*,#1146,.F.);
#1148=ORIENTED_EDGE('',*,*,#1100,.T.);
#1149=EDGE_LOOP('',(#1132,#1140,#1147,#1148));
#1150=FACE_OUTER_BOUND('',#1149,.T.);
#1151=ADVANCED_FACE('',(#1150),#1123,.F.);
#1152=CARTESIAN_POINT('',(28.500000000000021,-85.0,7.000000000000001));
#1153=DIRECTION('',(1.0,0.0,0.0));
#1154=DIRECTION('',(0.0,0.0,-1.0));
#1155=AXIS2_PLACEMENT_3D('',#1152,#1153,#1154);
#1156=PLANE('',#1155);
#1157=CARTESIAN_POINT('',(28.500000000000021,-85.0,0.0));
#1158=VERTEX_POINT('',#1157);
#1159=CARTESIAN_POINT('',(28.500000000000021,-85.0,0.0));
#1160=DIRECTION('',(0.0,1.0,0.0));
#1161=VECTOR('',#1160,41.500000801243679);
#1162=LINE('',#1159,#1161);
#1163=EDGE_CURVE('',#1158,#1125,#1162,.T.);
#1164=ORIENTED_EDGE('',*,*,#1163,.F.);
#1165=CARTESIAN_POINT('',(28.500000000000021,-85.0,7.000000000000001));
#1166=VERTEX_POINT('',#1165);
#1167=CARTESIAN_POINT('',(28.500000000000021,-85.0,7.000000000000001));
#1168=DIRECTION('',(0.0,0.0,-1.0));
#1169=VECTOR('',#1168,7.000000000000001);
#1170=LINE('',#1167,#1169);
#1171=EDGE_CURVE('',#1166,#1158,#1170,.T.);
#1172=ORIENTED_EDGE('',*,*,#1171,.F.);
#1173=CARTESIAN_POINT('',(28.499999999999996,-43.499999198756321,7.000000000000001));
#1174=DIRECTION('',(0.0,-1.0,0.0));
#1175=VECTOR('',#1174,41.500000801243679);
#1176=LINE('',#1173,#1175);
#1177=EDGE_CURVE('',#1134,#1166,#1176,.T.);
#1178=ORIENTED_EDGE('',*,*,#1177,.F.);
#1179=ORIENTED_EDGE('',*,*,#1139,.T.);
#1180=EDGE_LOOP('',(#1164,#1172,#1178,#1179));
#1181=FACE_OUTER_BOUND('',#1180,.T.);
#1182=ADVANCED_FACE('',(#1181),#1156,.F.);
#1183=CARTESIAN_POINT('',(-28.500000000000011,85.0,7.000000000000001));
#1184=DIRECTION('',(-1.0,0.0,0.0));
#1185=DIRECTION('',(0.0,0.0,1.0));
#1186=AXIS2_PLACEMENT_3D('',#1183,#1184,#1185);
#1187=PLANE('',#1186);
#1188=CARTESIAN_POINT('',(-28.500000000000011,85.0,0.0));
#1189=VERTEX_POINT('',#1188);
#1190=CARTESIAN_POINT('',(-28.500000000000007,43.500000000000007,0.0));
#1191=VERTEX_POINT('',#1190);
#1192=CARTESIAN_POINT('',(-28.500000000000011,85.0,0.0));
#1193=DIRECTION('',(0.0,-1.0,0.0));
#1194=VECTOR('',#1193,41.499999999999993);
#1195=LINE('',#1192,#1194);
#1196=EDGE_CURVE('',#1189,#1191,#1195,.T.);
#1197=ORIENTED_EDGE('',*,*,#1196,.F.);
#1198=CARTESIAN_POINT('',(-28.500000000000011,85.0,7.000000000000001));
#1199=VERTEX_POINT('',#1198);
#1200=CARTESIAN_POINT('',(-28.500000000000011,85.0,7.000000000000001));
#1201=DIRECTION('',(0.0,0.0,-1.0));
#1202=VECTOR('',#1201,7.000000000000001);
#1203=LINE('',#1200,#1202);
#1204=EDGE_CURVE('',#1199,#1189,#1203,.T.);
#1205=ORIENTED_EDGE('',*,*,#1204,.F.);
#1206=CARTESIAN_POINT('',(-28.500000000000007,43.500000000000007,7.000000000000001));
#1207=VERTEX_POINT('',#1206);
#1208=CARTESIAN_POINT('',(-28.500000000000007,43.500000000000007,7.000000000000001));
#1209=DIRECTION('',(0.0,1.0,0.0));
#1210=VECTOR('',#1209,41.499999999999993);
#1211=LINE('',#1208,#1210);
#1212=EDGE_CURVE('',#1207,#1199,#1211,.T.);
#1213=ORIENTED_EDGE('',*,*,#1212,.F.);
#1214=CARTESIAN_POINT('',(-28.500000000000007,43.500000000000007,7.000000000000001));
#1215=DIRECTION('',(0.0,0.0,-1.0));
#1216=VECTOR('',#1215,7.000000000000001);
#1217=LINE('',#1214,#1216);
#1218=EDGE_CURVE('',#1207,#1191,#1217,.T.);
#1219=ORIENTED_EDGE('',*,*,#1218,.T.);
#1220=EDGE_LOOP('',(#1197,#1205,#1213,#1219));
#1221=FACE_OUTER_BOUND('',#1220,.T.);
#1222=ADVANCED_FACE('',(#1221),#1187,.F.);
#1223=CARTESIAN_POINT('',(-25.0,43.500000000000007,7.000000000000001));
#1224=DIRECTION('',(0.0,0.0,-1.0));
#1225=DIRECTION('',(-1.0,0.0,0.0));
#1226=AXIS2_PLACEMENT_3D('',#1223,#1224,#1225);
#1227=CYLINDRICAL_SURFACE('',#1226,3.500000000000000);
#1228=CARTESIAN_POINT('',(-21.500000000000000,43.500000000000007,0.0));
#1229=VERTEX_POINT('',#1228);
#1230=CARTESIAN_POINT('',(-25.0,43.500000000000007,0.0));
#1231=DIRECTION('',(0.0,0.0,1.0));
#1232=DIRECTION('',(-1.0,0.0,0.0));
#1233=AXIS2_PLACEMENT_3D('',#1230,#1231,#1232);
#1234=CIRCLE('',#1233,3.500000000000000);
#1235=EDGE_CURVE('',#1191,#1229,#1234,.T.);
#1236=ORIENTED_EDGE('',*,*,#1235,.F.);
#1237=ORIENTED_EDGE('',*,*,#1218,.F.);
#1238=CARTESIAN_POINT('',(-21.500000000000000,43.500000000000007,7.000000000000001));
#1239=VERTEX_POINT('',#1238);
#1240=CARTESIAN_POINT('',(-25.0,43.500000000000007,7.000000000000001));
#1241=DIRECTION('',(0.0,0.0,-1.0));
#1242=DIRECTION('',(-1.0,0.0,0.0));
#1243=AXIS2_PLACEMENT_3D('',#1240,#1241,#1242);
#1244=CIRCLE('',#1243,3.500000000000000);
#1245=EDGE_CURVE('',#1239,#1207,#1244,.T.);
#1246=ORIENTED_EDGE('',*,*,#1245,.F.);
#1247=CARTESIAN_POINT('',(-21.500000000000000,43.500000000000007,7.000000000000001));
#1248=DIRECTION('',(0.0,0.0,-1.0));
#1249=VECTOR('',#1248,7.000000000000001);
#1250=LINE('',#1247,#1249);
#1251=EDGE_CURVE('',#1239,#1229,#1250,.T.);
#1252=ORIENTED_EDGE('',*,*,#1251,.T.);
#1253=EDGE_LOOP('',(#1236,#1237,#1246,#1252));
#1254=FACE_OUTER_BOUND('',#1253,.T.);
#1255=ADVANCED_FACE('',(#1254),#1227,.F.);
#1256=CARTESIAN_POINT('',(-21.500000000000000,43.500000000000007,7.000000000000001));
#1257=DIRECTION('',(1.0,0.0,0.0));
#1258=DIRECTION('',(0.0,0.0,-1.0));
#1259=AXIS2_PLACEMENT_3D('',#1256,#1257,#1258);
#1260=PLANE('',#1259);
#1261=CARTESIAN_POINT('',(-21.500000000000007,85.0,0.0));
#1262=VERTEX_POINT('',#1261);
#1263=CARTESIAN_POINT('',(-21.500000000000000,43.500000000000007,0.0));
#1264=DIRECTION('',(0.0,1.0,0.0));
#1265=VECTOR('',#1264,41.499999999999993);
#1266=LINE('',#1263,#1265);
#1267=EDGE_CURVE('',#1229,#1262,#1266,.T.);
#1268=ORIENTED_EDGE('',*,*,#1267,.F.);
#1269=ORIENTED_EDGE('',*,*,#1251,.F.);
#1270=CARTESIAN_POINT('',(-21.500000000000007,85.0,7.000000000000001));
#1271=VERTEX_POINT('',#1270);
#1272=CARTESIAN_POINT('',(-21.500000000000007,85.0,7.000000000000001));
#1273=DIRECTION('',(0.0,-1.0,0.0));
#1274=VECTOR('',#1273,41.499999999999993);
#1275=LINE('',#1272,#1274);
#1276=EDGE_CURVE('',#1271,#1239,#1275,.T.);
#1277=ORIENTED_EDGE('',*,*,#1276,.F.);
#1278=CARTESIAN_POINT('',(-21.500000000000007,85.0,0.0));
#1279=DIRECTION('',(0.0,0.0,1.0));
#1280=VECTOR('',#1279,7.000000000000001);
#1281=LINE('',#1278,#1280);
#1282=EDGE_CURVE('',#1262,#1271,#1281,.T.);
#1283=ORIENTED_EDGE('',*,*,#1282,.F.);
#1284=EDGE_LOOP('',(#1268,#1269,#1277,#1283));
#1285=FACE_OUTER_BOUND('',#1284,.T.);
#1286=ADVANCED_FACE('',(#1285),#1260,.F.);
#1287=CARTESIAN_POINT('',(-28.500000000000000,-43.500000000000007,7.000000000000001));
#1288=DIRECTION('',(-1.0,0.0,0.0));
#1289=DIRECTION('',(0.0,0.0,1.0));
#1290=AXIS2_PLACEMENT_3D('',#1287,#1288,#1289);
#1291=PLANE('',#1290);
#1292=CARTESIAN_POINT('',(-28.500000000000000,-43.500000000000007,0.0));
#1293=VERTEX_POINT('',#1292);
#1294=CARTESIAN_POINT('',(-28.499999999999979,-85.0,0.0));
#1295=VERTEX_POINT('',#1294);
#1296=CARTESIAN_POINT('',(-28.500000000000000,-43.500000000000007,0.0));
#1297=DIRECTION('',(0.0,-1.0,0.0));
#1298=VECTOR('',#1297,41.499999999999993);
#1299=LINE('',#1296,#1298);
#1300=EDGE_CURVE('',#1293,#1295,#1299,.T.);
#1301=ORIENTED_EDGE('',*,*,#1300,.F.);
#1302=CARTESIAN_POINT('',(-28.500000000000000,-43.500000000000007,7.000000000000001));
#1303=VERTEX_POINT('',#1302);
#1304=CARTESIAN_POINT('',(-28.500000000000000,-43.500000000000007,7.000000000000001));
#1305=DIRECTION('',(0.0,0.0,-1.0));
#1306=VECTOR('',#1305,7.000000000000001);
#1307=LINE('',#1304,#1306);
#1308=EDGE_CURVE('',#1303,#1293,#1307,.T.);
#1309=ORIENTED_EDGE('',*,*,#1308,.F.);
#1310=CARTESIAN_POINT('',(-28.499999999999979,-85.0,7.000000000000001));
#1311=VERTEX_POINT('',#1310);
#1312=CARTESIAN_POINT('',(-28.499999999999979,-85.0,7.000000000000001));
#1313=DIRECTION('',(0.0,1.0,0.0));
#1314=VECTOR('',#1313,41.499999999999993);
#1315=LINE('',#1312,#1314);
#1316=EDGE_CURVE('',#1311,#1303,#1315,.T.);
#1317=ORIENTED_EDGE('',*,*,#1316,.F.);
#1318=CARTESIAN_POINT('',(-28.499999999999979,-85.0,0.0));
#1319=DIRECTION('',(0.0,0.0,1.0));
#1320=VECTOR('',#1319,7.000000000000001);
#1321=LINE('',#1318,#1320);
#1322=EDGE_CURVE('',#1295,#1311,#1321,.T.);
#1323=ORIENTED_EDGE('',*,*,#1322,.F.);
#1324=EDGE_LOOP('',(#1301,#1309,#1317,#1323));
#1325=FACE_OUTER_BOUND('',#1324,.T.);
#1326=ADVANCED_FACE('',(#1325),#1291,.F.);
#1327=CARTESIAN_POINT('',(-25.0,-43.500000000000007,7.000000000000001));
#1328=DIRECTION('',(0.0,0.0,-1.0));
#1329=DIRECTION('',(0.999999999999974,0.000000228926767,0.0));
#1330=AXIS2_PLACEMENT_3D('',#1327,#1328,#1329);
#1331=CYLINDRICAL_SURFACE('',#1330,3.499999999999995);
#1332=CARTESIAN_POINT('',(-21.500000000000000,-43.499999198756321,0.0));
#1333=VERTEX_POINT('',#1332);
#1334=CARTESIAN_POINT('',(-25.0,-43.500000000000007,0.0));
#1335=DIRECTION('',(0.0,0.0,1.000000000000000));
#1336=DIRECTION('',(0.999999999999974,0.000000228926767,0.0));
#1337=AXIS2_PLACEMENT_3D('',#1334,#1335,#1336);
#1338=CIRCLE('',#1337,3.499999999999995);
#1339=EDGE_CURVE('',#1333,#1293,#1338,.T.);
#1340=ORIENTED_EDGE('',*,*,#1339,.F.);
#1341=CARTESIAN_POINT('',(-21.500000000000000,-43.499999198756321,7.000000000000001));
#1342=VERTEX_POINT('',#1341);
#1343=CARTESIAN_POINT('',(-21.500000000000000,-43.499999198756321,7.000000000000001));
#1344=DIRECTION('',(0.0,0.0,-1.0));
#1345=VECTOR('',#1344,7.000000000000001);
#1346=LINE('',#1343,#1345);
#1347=EDGE_CURVE('',#1342,#1333,#1346,.T.);
#1348=ORIENTED_EDGE('',*,*,#1347,.F.);
#1349=CARTESIAN_POINT('',(-25.0,-43.500000000000007,7.000000000000001));
#1350=DIRECTION('',(0.0,0.0,-1.000000000000000));
#1351=DIRECTION('',(0.999999999999974,0.000000228926767,0.0));
#1352=AXIS2_PLACEMENT_3D('',#1349,#1350,#1351);
#1353=CIRCLE('',#1352,3.499999999999995);
#1354=EDGE_CURVE('',#1303,#1342,#1353,.T.);
#1355=ORIENTED_EDGE('',*,*,#1354,.F.);
#1356=ORIENTED_EDGE('',*,*,#1308,.T.);
#1357=EDGE_LOOP('',(#1340,#1348,#1355,#1356));
#1358=FACE_OUTER_BOUND('',#1357,.T.);
#1359=ADVANCED_FACE('',(#1358),#1331,.F.);
#1360=CARTESIAN_POINT('',(-21.499999999999979,-85.0,7.000000000000001));
#1361=DIRECTION('',(1.0,0.0,0.0));
#1362=DIRECTION('',(0.0,0.0,-1.0));
#1363=AXIS2_PLACEMENT_3D('',#1360,#1361,#1362);
#1364=PLANE('',#1363);
#1365=CARTESIAN_POINT('',(-21.499999999999979,-85.0,0.0));
#1366=VERTEX_POINT('',#1365);
#1367=CARTESIAN_POINT('',(-21.499999999999979,-85.0,0.0));
#1368=DIRECTION('',(0.0,1.0,0.0));
#1369=VECTOR('',#1368,41.500000801243679);
#1370=LINE('',#1367,#1369);
#1371=EDGE_CURVE('',#1366,#1333,#1370,.T.);
#1372=ORIENTED_EDGE('',*,*,#1371,.F.);
#1373=CARTESIAN_POINT('',(-21.499999999999979,-85.0,7.000000000000001));
#1374=VERTEX_POINT('',#1373);
#1375=CARTESIAN_POINT('',(-21.499999999999979,-85.0,7.000000000000001));
#1376=DIRECTION('',(0.0,0.0,-1.0));
#1377=VECTOR('',#1376,7.000000000000001);
#1378=LINE('',#1375,#1377);
#1379=EDGE_CURVE('',#1374,#1366,#1378,.T.);
#1380=ORIENTED_EDGE('',*,*,#1379,.F.);
#1381=CARTESIAN_POINT('',(-21.500000000000000,-43.499999198756321,7.000000000000001));
#1382=DIRECTION('',(0.0,-1.0,0.0));
#1383=VECTOR('',#1382,41.500000801243679);
#1384=LINE('',#1381,#1383);
#1385=EDGE_CURVE('',#1342,#1374,#1384,.T.);
#1386=ORIENTED_EDGE('',*,*,#1385,.F.);
#1387=ORIENTED_EDGE('',*,*,#1347,.T.);
#1388=EDGE_LOOP('',(#1372,#1380,#1386,#1387));
#1389=FACE_OUTER_BOUND('',#1388,.T.);
#1390=ADVANCED_FACE('',(#1389),#1364,.F.);
#1391=CARTESIAN_POINT('',(-35.0,85.0,0.0));
#1392=DIRECTION('',(0.0,1.0,0.0));
#1393=DIRECTION('',(0.0,0.0,1.0));
#1394=AXIS2_PLACEMENT_3D('',#1391,#1392,#1393);
#1395=PLANE('',#1394);
#1396=ORIENTED_EDGE('',*,*,#1074,.T.);
#1397=CARTESIAN_POINT('',(35.0,85.0,7.000000000000001));
#1398=VERTEX_POINT('',#1397);
#1399=CARTESIAN_POINT('',(28.499999999999996,85.0,7.000000000000001));
#1400=DIRECTION('',(1.0,0.0,0.0));
#1401=VECTOR('',#1400,6.500000000000004);
#1402=LINE('',#1399,#1401);
#1403=EDGE_CURVE('',#1063,#1398,#1402,.T.);
#1404=ORIENTED_EDGE('',*,*,#1403,.T.);
#1405=CARTESIAN_POINT('',(35.0,85.0,0.0));
#1406=VERTEX_POINT('',#1405);
#1407=CARTESIAN_POINT('',(35.0,85.0,0.0));
#1408=DIRECTION('',(0.0,0.0,1.0));
#1409=VECTOR('',#1408,7.000000000000001);
#1410=LINE('',#1407,#1409);
#1411=EDGE_CURVE('',#1406,#1398,#1410,.T.);
#1412=ORIENTED_EDGE('',*,*,#1411,.F.);
#1413=CARTESIAN_POINT('',(28.499999999999996,85.0,0.0));
#1414=DIRECTION('',(1.0,0.0,0.0));
#1415=VECTOR('',#1414,6.500000000000004);
#1416=LINE('',#1413,#1415);
#1417=EDGE_CURVE('',#1054,#1406,#1416,.T.);
#1418=ORIENTED_EDGE('',*,*,#1417,.F.);
#1419=EDGE_LOOP('',(#1396,#1404,#1412,#1418));
#1420=FACE_OUTER_BOUND('',#1419,.T.);
#1421=ADVANCED_FACE('',(#1420),#1395,.T.);
#1422=CARTESIAN_POINT('',(35.0,-85.0,0.0));
#1423=DIRECTION('',(0.0,-1.0,0.0));
#1424=DIRECTION('',(0.0,0.0,-1.0));
#1425=AXIS2_PLACEMENT_3D('',#1422,#1423,#1424);
#1426=PLANE('',#1425);
#1427=ORIENTED_EDGE('',*,*,#1171,.T.);
#1428=CARTESIAN_POINT('',(35.0,-85.0,0.0));
#1429=VERTEX_POINT('',#1428);
#1430=CARTESIAN_POINT('',(35.0,-85.0,0.0));
#1431=DIRECTION('',(-1.0,0.0,0.0));
#1432=VECTOR('',#1431,6.499999999999979);
#1433=LINE('',#1430,#1432);
#1434=EDGE_CURVE('',#1429,#1158,#1433,.T.);
#1435=ORIENTED_EDGE('',*,*,#1434,.F.);
#1436=CARTESIAN_POINT('',(35.0,-85.0,7.000000000000001));
#1437=VERTEX_POINT('',#1436);
#1438=CARTESIAN_POINT('',(35.0,-85.0,0.0));
#1439=DIRECTION('',(0.0,0.0,1.0));
#1440=VECTOR('',#1439,7.000000000000001);
#1441=LINE('',#1438,#1440);
#1442=EDGE_CURVE('',#1429,#1437,#1441,.T.);
#1443=ORIENTED_EDGE('',*,*,#1442,.T.);
#1444=CARTESIAN_POINT('',(35.0,-85.0,7.000000000000001));
#1445=DIRECTION('',(-1.0,0.0,0.0));
#1446=VECTOR('',#1445,6.499999999999979);
#1447=LINE('',#1444,#1446);
#1448=EDGE_CURVE('',#1437,#1166,#1447,.T.);
#1449=ORIENTED_EDGE('',*,*,#1448,.T.);
#1450=EDGE_LOOP('',(#1427,#1435,#1443,#1449));
#1451=FACE_OUTER_BOUND('',#1450,.T.);
#1452=ADVANCED_FACE('',(#1451),#1426,.T.);
#1453=CARTESIAN_POINT('',(35.0,-85.0,0.0));
#1454=DIRECTION('',(0.0,-1.0,0.0));
#1455=DIRECTION('',(0.0,0.0,-1.0));
#1456=AXIS2_PLACEMENT_3D('',#1453,#1454,#1455);
#1457=PLANE('',#1456);
#1458=ORIENTED_EDGE('',*,*,#1114,.T.);
#1459=CARTESIAN_POINT('',(3.500000000000023,-85.0,7.000000000000001));
#1460=VERTEX_POINT('',#1459);
#1461=CARTESIAN_POINT('',(21.500000000000021,-85.0,7.000000000000001));
#1462=DIRECTION('',(-1.0,0.0,0.0));
#1463=VECTOR('',#1462,18.0);
#1464=LINE('',#1461,#1463);
#1465=EDGE_CURVE('',#1103,#1460,#1464,.T.);
#1466=ORIENTED_EDGE('',*,*,#1465,.T.);
#1467=CARTESIAN_POINT('',(3.500000000000023,-85.0,0.0));
#1468=VERTEX_POINT('',#1467);
#1469=CARTESIAN_POINT('',(3.500000000000023,-85.0,7.000000000000001));
#1470=DIRECTION('',(0.0,0.0,-1.0));
#1471=VECTOR('',#1470,7.000000000000001);
#1472=LINE('',#1469,#1471);
#1473=EDGE_CURVE('',#1460,#1468,#1472,.T.);
#1474=ORIENTED_EDGE('',*,*,#1473,.T.);
#1475=CARTESIAN_POINT('',(21.500000000000021,-85.0,0.0));
#1476=DIRECTION('',(-1.0,0.0,0.0));
#1477=VECTOR('',#1476,18.0);
#1478=LINE('',#1475,#1477);
#1479=EDGE_CURVE('',#1087,#1468,#1478,.T.);
#1480=ORIENTED_EDGE('',*,*,#1479,.F.);
#1481=EDGE_LOOP('',(#1458,#1466,#1474,#1480));
#1482=FACE_OUTER_BOUND('',#1481,.T.);
#1483=ADVANCED_FACE('',(#1482),#1457,.T.);
#1484=CARTESIAN_POINT('',(-35.0,85.0,0.0));
#1485=DIRECTION('',(0.0,1.0,0.0));
#1486=DIRECTION('',(0.0,0.0,1.0));
#1487=AXIS2_PLACEMENT_3D('',#1484,#1485,#1486);
#1488=PLANE('',#1487);
#1489=ORIENTED_EDGE('',*,*,#1204,.T.);
#1490=CARTESIAN_POINT('',(-35.0,85.0,0.0));
#1491=VERTEX_POINT('',#1490);
#1492=CARTESIAN_POINT('',(-35.0,85.0,0.0));
#1493=DIRECTION('',(1.0,0.0,0.0));
#1494=VECTOR('',#1493,6.499999999999989);
#1495=LINE('',#1492,#1494);
#1496=EDGE_CURVE('',#1491,#1189,#1495,.T.);
#1497=ORIENTED_EDGE('',*,*,#1496,.F.);
#1498=CARTESIAN_POINT('',(-35.0,85.0,7.000000000000001));
#1499=VERTEX_POINT('',#1498);
#1500=CARTESIAN_POINT('',(-35.0,85.0,0.0));
#1501=DIRECTION('',(0.0,0.0,1.0));
#1502=VECTOR('',#1501,7.000000000000001);
#1503=LINE('',#1500,#1502);
#1504=EDGE_CURVE('',#1491,#1499,#1503,.T.);
#1505=ORIENTED_EDGE('',*,*,#1504,.T.);
#1506=CARTESIAN_POINT('',(-35.0,85.0,7.000000000000001));
#1507=DIRECTION('',(1.0,0.0,0.0));
#1508=VECTOR('',#1507,6.499999999999989);
#1509=LINE('',#1506,#1508);
#1510=EDGE_CURVE('',#1499,#1199,#1509,.T.);
#1511=ORIENTED_EDGE('',*,*,#1510,.T.);
#1512=EDGE_LOOP('',(#1489,#1497,#1505,#1511));
#1513=FACE_OUTER_BOUND('',#1512,.T.);
#1514=ADVANCED_FACE('',(#1513),#1488,.T.);
#1515=CARTESIAN_POINT('',(-35.0,85.0,0.0));
#1516=DIRECTION('',(0.0,1.0,0.0));
#1517=DIRECTION('',(0.0,0.0,1.0));
#1518=AXIS2_PLACEMENT_3D('',#1515,#1516,#1517);
#1519=PLANE('',#1518);
#1520=ORIENTED_EDGE('',*,*,#1282,.T.);
#1521=CARTESIAN_POINT('',(-3.500000000000010,85.0,7.000000000000001));
#1522=VERTEX_POINT('',#1521);
#1523=CARTESIAN_POINT('',(-21.500000000000007,85.0,7.000000000000001));
#1524=DIRECTION('',(1.0,0.0,0.0));
#1525=VECTOR('',#1524,17.999999999999996);
#1526=LINE('',#1523,#1525);
#1527=EDGE_CURVE('',#1271,#1522,#1526,.T.);
#1528=ORIENTED_EDGE('',*,*,#1527,.T.);
#1529=CARTESIAN_POINT('',(-3.500000000000010,85.0,0.0));
#1530=VERTEX_POINT('',#1529);
#1531=CARTESIAN_POINT('',(-3.500000000000010,85.0,7.000000000000001));
#1532=DIRECTION('',(0.0,0.0,-1.0));
#1533=VECTOR('',#1532,7.000000000000001);
#1534=LINE('',#1531,#1533);
#1535=EDGE_CURVE('',#1522,#1530,#1534,.T.);
#1536=ORIENTED_EDGE('',*,*,#1535,.T.);
#1537=CARTESIAN_POINT('',(-21.500000000000007,85.0,0.0));
#1538=DIRECTION('',(1.0,0.0,0.0));
#1539=VECTOR('',#1538,17.999999999999996);
#1540=LINE('',#1537,#1539);
#1541=EDGE_CURVE('',#1262,#1530,#1540,.T.);
#1542=ORIENTED_EDGE('',*,*,#1541,.F.);
#1543=EDGE_LOOP('',(#1520,#1528,#1536,#1542));
#1544=FACE_OUTER_BOUND('',#1543,.T.);
#1545=ADVANCED_FACE('',(#1544),#1519,.T.);
#1546=CARTESIAN_POINT('',(0.0,0.0,0.0));
#1547=DIRECTION('',(0.0,0.0,1.0));
#1548=DIRECTION('',(1.0,0.0,0.0));
#1549=AXIS2_PLACEMENT_3D('',#1546,#1547,#1548);
#1550=PLANE('',#1549);
#1551=ORIENTED_EDGE('',*,*,#988,.T.);
#1552=ORIENTED_EDGE('',*,*,#1027,.T.);
#1553=ORIENTED_EDGE('',*,*,#1059,.T.);
#1554=ORIENTED_EDGE('',*,*,#1417,.T.);
#1555=CARTESIAN_POINT('',(35.0,85.0,0.0));
#1556=DIRECTION('',(0.0,-1.0,0.0));
#1557=VECTOR('',#1556,170.0);
#1558=LINE('',#1555,#1557);
#1559=EDGE_CURVE('',#1406,#1429,#1558,.T.);
#1560=ORIENTED_EDGE('',*,*,#1559,.T.);
#1561=ORIENTED_EDGE('',*,*,#1434,.T.);
#1562=ORIENTED_EDGE('',*,*,#1163,.T.);
#1563=ORIENTED_EDGE('',*,*,#1131,.T.);
#1564=ORIENTED_EDGE('',*,*,#1092,.T.);
#1565=ORIENTED_EDGE('',*,*,#1479,.T.);
#1566=CARTESIAN_POINT('',(3.500000000000000,-43.499999198756321,0.0));
#1567=VERTEX_POINT('',#1566);
#1568=CARTESIAN_POINT('',(3.500000000000023,-85.0,0.0));
#1569=DIRECTION('',(0.0,1.0,0.0));
#1570=VECTOR('',#1569,41.500000801243679);
#1571=LINE('',#1568,#1570);
#1572=EDGE_CURVE('',#1468,#1567,#1571,.T.);
#1573=ORIENTED_EDGE('',*,*,#1572,.T.);
#1574=CARTESIAN_POINT('',(-3.500000000000000,-43.500000000000007,0.0));
#1575=VERTEX_POINT('',#1574);
#1576=CARTESIAN_POINT('',(0.0,-43.500000000000007,0.0));
#1577=DIRECTION('',(0.0,0.0,1.000000000000000));
#1578=DIRECTION('',(0.999999999999974,0.000000228926767,0.0));
#1579=AXIS2_PLACEMENT_3D('',#1576,#1577,#1578);
#1580=CIRCLE('',#1579,3.499999999999995);
#1581=EDGE_CURVE('',#1567,#1575,#1580,.T.);
#1582=ORIENTED_EDGE('',*,*,#1581,.T.);
#1583=CARTESIAN_POINT('',(-3.499999999999979,-85.0,0.0));
#1584=VERTEX_POINT('',#1583);
#1585=CARTESIAN_POINT('',(-3.500000000000000,-43.500000000000007,0.0));
#1586=DIRECTION('',(0.0,-1.0,0.0));
#1587=VECTOR('',#1586,41.499999999999993);
#1588=LINE('',#1585,#1587);
#1589=EDGE_CURVE('',#1575,#1584,#1588,.T.);
#1590=ORIENTED_EDGE('',*,*,#1589,.T.);
#1591=CARTESIAN_POINT('',(-3.499999999999979,-85.0,0.0));
#1592=DIRECTION('',(-1.0,0.0,0.0));
#1593=VECTOR('',#1592,18.0);
#1594=LINE('',#1591,#1593);
#1595=EDGE_CURVE('',#1584,#1366,#1594,.T.);
#1596=ORIENTED_EDGE('',*,*,#1595,.T.);
#1597=ORIENTED_EDGE('',*,*,#1371,.T.);
#1598=ORIENTED_EDGE('',*,*,#1339,.T.);
#1599=ORIENTED_EDGE('',*,*,#1300,.T.);
#1600=CARTESIAN_POINT('',(-35.0,-85.0,0.0));
#1601=VERTEX_POINT('',#1600);
#1602=CARTESIAN_POINT('',(-28.499999999999979,-85.0,0.0));
#1603=DIRECTION('',(-1.0,0.0,0.0));
#1604=VECTOR('',#1603,6.500000000000021);
#1605=LINE('',#1602,#1604);
#1606=EDGE_CURVE('',#1295,#1601,#1605,.T.);
#1607=ORIENTED_EDGE('',*,*,#1606,.T.);
#1608=CARTESIAN_POINT('',(-35.0,-85.0,0.0));
#1609=DIRECTION('',(0.0,1.0,0.0));
#1610=VECTOR('',#1609,170.0);
#1611=LINE('',#1608,#1610);
#1612=EDGE_CURVE('',#1601,#1491,#1611,.T.);
#1613=ORIENTED_EDGE('',*,*,#1612,.T.);
#1614=ORIENTED_EDGE('',*,*,#1496,.T.);
#1615=ORIENTED_EDGE('',*,*,#1196,.T.);
#1616=ORIENTED_EDGE('',*,*,#1235,.T.);
#1617=ORIENTED_EDGE('',*,*,#1267,.T.);
#1618=ORIENTED_EDGE('',*,*,#1541,.T.);
#1619=CARTESIAN_POINT('',(-3.500000000000005,43.500000000000007,0.0));
#1620=VERTEX_POINT('',#1619);
#1621=CARTESIAN_POINT('',(-3.500000000000010,85.0,0.0));
#1622=DIRECTION('',(0.0,-1.0,0.0));
#1623=VECTOR('',#1622,41.499999999999993);
#1624=LINE('',#1621,#1623);
#1625=EDGE_CURVE('',#1530,#1620,#1624,.T.);
#1626=ORIENTED_EDGE('',*,*,#1625,.T.);
#1627=CARTESIAN_POINT('',(3.500000000000000,43.500000000000007,0.0));
#1628=VERTEX_POINT('',#1627);
#1629=CARTESIAN_POINT('',(0.0,43.500000000000007,0.0));
#1630=DIRECTION('',(0.0,0.0,1.0));
#1631=DIRECTION('',(-1.0,0.0,0.0));
#1632=AXIS2_PLACEMENT_3D('',#1629,#1630,#1631);
#1633=CIRCLE('',#1632,3.500000000000000);
#1634=EDGE_CURVE('',#1620,#1628,#1633,.T.);
#1635=ORIENTED_EDGE('',*,*,#1634,.T.);
#1636=CARTESIAN_POINT('',(3.499999999999992,85.0,0.0));
#1637=VERTEX_POINT('',#1636);
#1638=CARTESIAN_POINT('',(3.500000000000000,43.500000000000007,0.0));
#1639=DIRECTION('',(0.0,1.0,0.0));
#1640=VECTOR('',#1639,41.499999999999993);
#1641=LINE('',#1638,#1640);
#1642=EDGE_CURVE('',#1628,#1637,#1641,.T.);
#1643=ORIENTED_EDGE('',*,*,#1642,.T.);
#1644=CARTESIAN_POINT('',(3.499999999999992,85.0,0.0));
#1645=DIRECTION('',(1.0,0.0,0.0));
#1646=VECTOR('',#1645,17.999999999999993);
#1647=LINE('',#1644,#1646);
#1648=EDGE_CURVE('',#1637,#981,#1647,.T.);
#1649=ORIENTED_EDGE('',*,*,#1648,.T.);
#1650=EDGE_LOOP('',(#1551,#1552,#1553,#1554,#1560,#1561,#1562,#1563,#1564,#1565,#1573,#1582,#1590,#1596,#1597,#1598,#1599,#1607,#1613,#1614,#1615,#1616,#1617,#1618,#1626,#1635,#1643,#1649));
#1651=FACE_OUTER_BOUND('',#1650,.T.);
#1652=ORIENTED_EDGE('',*,*,#77,.T.);
#1653=EDGE_LOOP('',(#1652));
#1654=FACE_BOUND('',#1653,.T.);
#1655=ORIENTED_EDGE('',*,*,#126,.T.);
#1656=EDGE_LOOP('',(#1655));
#1657=FACE_BOUND('',#1656,.T.);
#1658=ORIENTED_EDGE('',*,*,#175,.T.);
#1659=EDGE_LOOP('',(#1658));
#1660=FACE_BOUND('',#1659,.T.);
#1661=ORIENTED_EDGE('',*,*,#224,.T.);
#1662=EDGE_LOOP('',(#1661));
#1663=FACE_BOUND('',#1662,.T.);
#1664=ORIENTED_EDGE('',*,*,#273,.T.);
#1665=EDGE_LOOP('',(#1664));
#1666=FACE_BOUND('',#1665,.T.);
#1667=ORIENTED_EDGE('',*,*,#322,.T.);
#1668=EDGE_LOOP('',(#1667));
#1669=FACE_BOUND('',#1668,.T.);
#1670=ORIENTED_EDGE('',*,*,#371,.T.);
#1671=EDGE_LOOP('',(#1670));
#1672=FACE_BOUND('',#1671,.T.);
#1673=ORIENTED_EDGE('',*,*,#420,.T.);
#1674=EDGE_LOOP('',(#1673));
#1675=FACE_BOUND('',#1674,.T.);
#1676=ORIENTED_EDGE('',*,*,#469,.T.);
#1677=EDGE_LOOP('',(#1676));
#1678=FACE_BOUND('',#1677,.T.);
#1679=ORIENTED_EDGE('',*,*,#518,.T.);
#1680=EDGE_LOOP('',(#1679));
#1681=FACE_BOUND('',#1680,.T.);
#1682=ORIENTED_EDGE('',*,*,#567,.T.);
#1683=EDGE_LOOP('',(#1682));
#1684=FACE_BOUND('',#1683,.T.);
#1685=ORIENTED_EDGE('',*,*,#616,.T.);
#1686=EDGE_LOOP('',(#1685));
#1687=FACE_BOUND('',#1686,.T.);
#1688=ORIENTED_EDGE('',*,*,#665,.T.);
#1689=EDGE_LOOP('',(#1688));
#1690=FACE_BOUND('',#1689,.T.);
#1691=ORIENTED_EDGE('',*,*,#714,.T.);
#1692=EDGE_LOOP('',(#1691));
#1693=FACE_BOUND('',#1692,.T.);
#1694=ORIENTED_EDGE('',*,*,#763,.T.);
#1695=EDGE_LOOP('',(#1694));
#1696=FACE_BOUND('',#1695,.T.);
#1697=ORIENTED_EDGE('',*,*,#812,.T.);
#1698=EDGE_LOOP('',(#1697));
#1699=FACE_BOUND('',#1698,.T.);
#1700=ORIENTED_EDGE('',*,*,#861,.T.);
#1701=EDGE_LOOP('',(#1700));
#1702=FACE_BOUND('',#1701,.T.);
#1703=ORIENTED_EDGE('',*,*,#910,.T.);
#1704=EDGE_LOOP('',(#1703));
#1705=FACE_BOUND('',#1704,.T.);
#1706=ORIENTED_EDGE('',*,*,#959,.T.);
#1707=EDGE_LOOP('',(#1706));
#1708=FACE_BOUND('',#1707,.T.);
#1709=ADVANCED_FACE('',(#1651,#1654,#1657,#1660,#1663,#1666,#1669,#1672,#1675,#1678,#1681,#1684,#1687,#1690,#1693,#1696,#1699,#1702,#1705,#1708),#1550,.F.);
#1710=CARTESIAN_POINT('',(35.0,-85.0,0.0));
#1711=DIRECTION('',(0.0,-1.0,0.0));
#1712=DIRECTION('',(0.0,0.0,-1.0));
#1713=AXIS2_PLACEMENT_3D('',#1710,#1711,#1712);
#1714=PLANE('',#1713);
#1715=ORIENTED_EDGE('',*,*,#1379,.T.);
#1716=ORIENTED_EDGE('',*,*,#1595,.F.);
#1717=CARTESIAN_POINT('',(-3.499999999999979,-85.0,7.000000000000001));
#1718=VERTEX_POINT('',#1717);
#1719=CARTESIAN_POINT('',(-3.499999999999979,-85.0,0.0));
#1720=DIRECTION('',(0.0,0.0,1.0));
#1721=VECTOR('',#1720,7.000000000000001);
#1722=LINE('',#1719,#1721);
#1723=EDGE_CURVE('',#1584,#1718,#1722,.T.);
#1724=ORIENTED_EDGE('',*,*,#1723,.T.);
#1725=CARTESIAN_POINT('',(-3.499999999999979,-85.0,7.000000000000001));
#1726=DIRECTION('',(-1.0,0.0,0.0));
#1727=VECTOR('',#1726,18.0);
#1728=LINE('',#1725,#1727);
#1729=EDGE_CURVE('',#1718,#1374,#1728,.T.);
#1730=ORIENTED_EDGE('',*,*,#1729,.T.);
#1731=EDGE_LOOP('',(#1715,#1716,#1724,#1730));
#1732=FACE_OUTER_BOUND('',#1731,.T.);
#1733=ADVANCED_FACE('',(#1732),#1714,.T.);
#1734=CARTESIAN_POINT('',(35.0,-85.0,0.0));
#1735=DIRECTION('',(0.0,-1.0,0.0));
#1736=DIRECTION('',(0.0,0.0,-1.0));
#1737=AXIS2_PLACEMENT_3D('',#1734,#1735,#1736);
#1738=PLANE('',#1737);
#1739=ORIENTED_EDGE('',*,*,#1322,.T.);
#1740=CARTESIAN_POINT('',(-35.0,-85.0,7.000000000000001));
#1741=VERTEX_POINT('',#1740);
#1742=CARTESIAN_POINT('',(-28.499999999999979,-85.0,7.000000000000001));
#1743=DIRECTION('',(-1.0,0.0,0.0));
#1744=VECTOR('',#1743,6.500000000000021);
#1745=LINE('',#1742,#1744);
#1746=EDGE_CURVE('',#1311,#1741,#1745,.T.);
#1747=ORIENTED_EDGE('',*,*,#1746,.T.);
#1748=CARTESIAN_POINT('',(-35.0,-85.0,0.0));
#1749=DIRECTION('',(0.0,0.0,1.0));
#1750=VECTOR('',#1749,7.000000000000001);
#1751=LINE('',#1748,#1750);
#1752=EDGE_CURVE('',#1601,#1741,#1751,.T.);
#1753=ORIENTED_EDGE('',*,*,#1752,.F.);
#1754=ORIENTED_EDGE('',*,*,#1606,.F.);
#1755=EDGE_LOOP('',(#1739,#1747,#1753,#1754));
#1756=FACE_OUTER_BOUND('',#1755,.T.);
#1757=ADVANCED_FACE('',(#1756),#1738,.T.);
#1758=CARTESIAN_POINT('',(0.0,0.0,7.000000000000001));
#1759=DIRECTION('',(0.0,0.0,1.0));
#1760=DIRECTION('',(1.0,0.0,0.0));
#1761=AXIS2_PLACEMENT_3D('',#1758,#1759,#1760);
#1762=PLANE('',#1761);
#1763=ORIENTED_EDGE('',*,*,#1068,.T.);
#1764=ORIENTED_EDGE('',*,*,#1037,.T.);
#1765=ORIENTED_EDGE('',*,*,#1004,.T.);
#1766=CARTESIAN_POINT('',(3.499999999999992,85.0,7.000000000000001));
#1767=VERTEX_POINT('',#1766);
#1768=CARTESIAN_POINT('',(3.499999999999992,85.0,7.000000000000001));
#1769=DIRECTION('',(1.0,0.0,0.0));
#1770=VECTOR('',#1769,17.999999999999993);
#1771=LINE('',#1768,#1770);
#1772=EDGE_CURVE('',#1767,#991,#1771,.T.);
#1773=ORIENTED_EDGE('',*,*,#1772,.F.);
#1774=CARTESIAN_POINT('',(3.500000000000000,43.500000000000007,7.000000000000001));
#1775=VERTEX_POINT('',#1774);
#1776=CARTESIAN_POINT('',(3.499999999999992,85.0,7.000000000000001));
#1777=DIRECTION('',(0.0,-1.0,0.0));
#1778=VECTOR('',#1777,41.499999999999993);
#1779=LINE('',#1776,#1778);
#1780=EDGE_CURVE('',#1767,#1775,#1779,.T.);
#1781=ORIENTED_EDGE('',*,*,#1780,.T.);
#1782=CARTESIAN_POINT('',(-3.500000000000005,43.500000000000007,7.000000000000001));
#1783=VERTEX_POINT('',#1782);
#1784=CARTESIAN_POINT('',(0.0,43.500000000000007,7.000000000000001));
#1785=DIRECTION('',(0.0,0.0,-1.0));
#1786=DIRECTION('',(-1.0,0.0,0.0));
#1787=AXIS2_PLACEMENT_3D('',#1784,#1785,#1786);
#1788=CIRCLE('',#1787,3.500000000000000);
#1789=EDGE_CURVE('',#1775,#1783,#1788,.T.);
#1790=ORIENTED_EDGE('',*,*,#1789,.T.);
#1791=CARTESIAN_POINT('',(-3.500000000000005,43.500000000000007,7.000000000000001));
#1792=DIRECTION('',(0.0,1.0,0.0));
#1793=VECTOR('',#1792,41.499999999999993);
#1794=LINE('',#1791,#1793);
#1795=EDGE_CURVE('',#1783,#1522,#1794,.T.);
#1796=ORIENTED_EDGE('',*,*,#1795,.T.);
#1797=ORIENTED_EDGE('',*,*,#1527,.F.);
#1798=ORIENTED_EDGE('',*,*,#1276,.T.);
#1799=ORIENTED_EDGE('',*,*,#1245,.T.);
#1800=ORIENTED_EDGE('',*,*,#1212,.T.);
#1801=ORIENTED_EDGE('',*,*,#1510,.F.);
#1802=CARTESIAN_POINT('',(-35.0,-85.0,7.000000000000001));
#1803=DIRECTION('',(0.0,1.0,0.0));
#1804=VECTOR('',#1803,170.0);
#1805=LINE('',#1802,#1804);
#1806=EDGE_CURVE('',#1741,#1499,#1805,.T.);
#1807=ORIENTED_EDGE('',*,*,#1806,.F.);
#1808=ORIENTED_EDGE('',*,*,#1746,.F.);
#1809=ORIENTED_EDGE('',*,*,#1316,.T.);
#1810=ORIENTED_EDGE('',*,*,#1354,.T.);
#1811=ORIENTED_EDGE('',*,*,#1385,.T.);
#1812=ORIENTED_EDGE('',*,*,#1729,.F.);
#1813=CARTESIAN_POINT('',(-3.500000000000000,-43.500000000000007,7.000000000000001));
#1814=VERTEX_POINT('',#1813);
#1815=CARTESIAN_POINT('',(-3.499999999999979,-85.0,7.000000000000001));
#1816=DIRECTION('',(0.0,1.0,0.0));
#1817=VECTOR('',#1816,41.499999999999993);
#1818=LINE('',#1815,#1817);
#1819=EDGE_CURVE('',#1718,#1814,#1818,.T.);
#1820=ORIENTED_EDGE('',*,*,#1819,.T.);
#1821=CARTESIAN_POINT('',(3.500000000000000,-43.499999198756321,7.000000000000001));
#1822=VERTEX_POINT('',#1821);
#1823=CARTESIAN_POINT('',(0.0,-43.500000000000007,7.000000000000001));
#1824=DIRECTION('',(0.0,0.0,-1.000000000000000));
#1825=DIRECTION('',(0.999999999999974,0.000000228926767,0.0));
#1826=AXIS2_PLACEMENT_3D('',#1823,#1824,#1825);
#1827=CIRCLE('',#1826,3.499999999999995);
#1828=EDGE_CURVE('',#1814,#1822,#1827,.T.);
#1829=ORIENTED_EDGE('',*,*,#1828,.T.);
#1830=CARTESIAN_POINT('',(3.500000000000000,-43.499999198756321,7.000000000000001));
#1831=DIRECTION('',(0.0,-1.0,0.0));
#1832=VECTOR('',#1831,41.500000801243679);
#1833=LINE('',#1830,#1832);
#1834=EDGE_CURVE('',#1822,#1460,#1833,.T.);
#1835=ORIENTED_EDGE('',*,*,#1834,.T.);
#1836=ORIENTED_EDGE('',*,*,#1465,.F.);
#1837=ORIENTED_EDGE('',*,*,#1108,.T.);
#1838=ORIENTED_EDGE('',*,*,#1146,.T.);
#1839=ORIENTED_EDGE('',*,*,#1177,.T.);
#1840=ORIENTED_EDGE('',*,*,#1448,.F.);
#1841=CARTESIAN_POINT('',(35.0,85.0,7.000000000000001));
#1842=DIRECTION('',(0.0,-1.0,0.0));
#1843=VECTOR('',#1842,170.0);
#1844=LINE('',#1841,#1843);
#1845=EDGE_CURVE('',#1398,#1437,#1844,.T.);
#1846=ORIENTED_EDGE('',*,*,#1845,.F.);
#1847=ORIENTED_EDGE('',*,*,#1403,.F.);
#1848=EDGE_LOOP('',(#1763,#1764,#1765,#1773,#1781,#1790,#1796,#1797,#1798,#1799,#1800,#1801,#1807,#1808,#1809,#1810,#1811,#1812,#1820,#1829,#1835,#1836,#1837,#1838,#1839,#1840,#1846,#1847));
#1849=FACE_OUTER_BOUND('',#1848,.T.);
#1850=ORIENTED_EDGE('',*,*,#88,.T.);
#1851=EDGE_LOOP('',(#1850));
#1852=FACE_BOUND('',#1851,.T.);
#1853=ORIENTED_EDGE('',*,*,#137,.T.);
#1854=EDGE_LOOP('',(#1853));
#1855=FACE_BOUND('',#1854,.T.);
#1856=ORIENTED_EDGE('',*,*,#186,.T.);
#1857=EDGE_LOOP('',(#1856));
#1858=FACE_BOUND('',#1857,.T.);
#1859=ORIENTED_EDGE('',*,*,#235,.T.);
#1860=EDGE_LOOP('',(#1859));
#1861=FACE_BOUND('',#1860,.T.);
#1862=ORIENTED_EDGE('',*,*,#284,.T.);
#1863=EDGE_LOOP('',(#1862));
#1864=FACE_BOUND('',#1863,.T.);
#1865=ORIENTED_EDGE('',*,*,#333,.T.);
#1866=EDGE_LOOP('',(#1865));
#1867=FACE_BOUND('',#1866,.T.);
#1868=ORIENTED_EDGE('',*,*,#382,.T.);
#1869=EDGE_LOOP('',(#1868));
#1870=FACE_BOUND('',#1869,.T.);
#1871=ORIENTED_EDGE('',*,*,#431,.T.);
#1872=EDGE_LOOP('',(#1871));
#1873=FACE_BOUND('',#1872,.T.);
#1874=ORIENTED_EDGE('',*,*,#480,.T.);
#1875=EDGE_LOOP('',(#1874));
#1876=FACE_BOUND('',#1875,.T.);
#1877=ORIENTED_EDGE('',*,*,#529,.T.);
#1878=EDGE_LOOP('',(#1877));
#1879=FACE_BOUND('',#1878,.T.);
#1880=ORIENTED_EDGE('',*,*,#578,.T.);
#1881=EDGE_LOOP('',(#1880));
#1882=FACE_BOUND('',#1881,.T.);
#1883=ORIENTED_EDGE('',*,*,#627,.T.);
#1884=EDGE_LOOP('',(#1883));
#1885=FACE_BOUND('',#1884,.T.);
#1886=ORIENTED_EDGE('',*,*,#676,.T.);
#1887=EDGE_LOOP('',(#1886));
#1888=FACE_BOUND('',#1887,.T.);
#1889=ORIENTED_EDGE('',*,*,#725,.T.);
#1890=EDGE_LOOP('',(#1889));
#1891=FACE_BOUND('',#1890,.T.);
#1892=ORIENTED_EDGE('',*,*,#774,.T.);
#1893=EDGE_LOOP('',(#1892));
#1894=FACE_BOUND('',#1893,.T.);
#1895=ORIENTED_EDGE('',*,*,#823,.T.);
#1896=EDGE_LOOP('',(#1895));
#1897=FACE_BOUND('',#1896,.T.);
#1898=ORIENTED_EDGE('',*,*,#872,.T.);
#1899=EDGE_LOOP('',(#1898));
#1900=FACE_BOUND('',#1899,.T.);
#1901=ORIENTED_EDGE('',*,*,#921,.T.);
#1902=EDGE_LOOP('',(#1901));
#1903=FACE_BOUND('',#1902,.T.);
#1904=ORIENTED_EDGE('',*,*,#970,.T.);
#1905=EDGE_LOOP('',(#1904));
#1906=FACE_BOUND('',#1905,.T.);
#1907=ADVANCED_FACE('',(#1849,#1852,#1855,#1858,#1861,#1864,#1867,#1870,#1873,#1876,#1879,#1882,#1885,#1888,#1891,#1894,#1897,#1900,#1903,#1906),#1762,.T.);
#1908=CARTESIAN_POINT('',(-3.500000000000010,85.0,7.000000000000001));
#1909=DIRECTION('',(-1.0,0.0,0.0));
#1910=DIRECTION('',(0.0,0.0,1.0));
#1911=AXIS2_PLACEMENT_3D('',#1908,#1909,#1910);
#1912=PLANE('',#1911);
#1913=ORIENTED_EDGE('',*,*,#1625,.F.);
#1914=ORIENTED_EDGE('',*,*,#1535,.F.);
#1915=ORIENTED_EDGE('',*,*,#1795,.F.);
#1916=CARTESIAN_POINT('',(-3.500000000000005,43.500000000000007,7.000000000000001));
#1917=DIRECTION('',(0.0,0.0,-1.0));
#1918=VECTOR('',#1917,7.000000000000001);
#1919=LINE('',#1916,#1918);
#1920=EDGE_CURVE('',#1783,#1620,#1919,.T.);
#1921=ORIENTED_EDGE('',*,*,#1920,.T.);
#1922=EDGE_LOOP('',(#1913,#1914,#1915,#1921));
#1923=FACE_OUTER_BOUND('',#1922,.T.);
#1924=ADVANCED_FACE('',(#1923),#1912,.F.);
#1925=CARTESIAN_POINT('',(0.0,43.500000000000007,7.000000000000001));
#1926=DIRECTION('',(0.0,0.0,-1.0));
#1927=DIRECTION('',(-1.0,0.0,0.0));
#1928=AXIS2_PLACEMENT_3D('',#1925,#1926,#1927);
#1929=CYLINDRICAL_SURFACE('',#1928,3.500000000000000);
#1930=ORIENTED_EDGE('',*,*,#1634,.F.);
#1931=ORIENTED_EDGE('',*,*,#1920,.F.);
#1932=ORIENTED_EDGE('',*,*,#1789,.F.);
#1933=CARTESIAN_POINT('',(3.500000000000000,43.500000000000007,7.000000000000001));
#1934=DIRECTION('',(0.0,0.0,-1.0));
#1935=VECTOR('',#1934,7.000000000000001);
#1936=LINE('',#1933,#1935);
#1937=EDGE_CURVE('',#1775,#1628,#1936,.T.);
#1938=ORIENTED_EDGE('',*,*,#1937,.T.);
#1939=EDGE_LOOP('',(#1930,#1931,#1932,#1938));
#1940=FACE_OUTER_BOUND('',#1939,.T.);
#1941=ADVANCED_FACE('',(#1940),#1929,.F.);
#1942=CARTESIAN_POINT('',(3.500000000000000,43.500000000000007,7.000000000000001));
#1943=DIRECTION('',(1.0,0.0,0.0));
#1944=DIRECTION('',(0.0,0.0,-1.0));
#1945=AXIS2_PLACEMENT_3D('',#1942,#1943,#1944);
#1946=PLANE('',#1945);
#1947=ORIENTED_EDGE('',*,*,#1642,.F.);
#1948=ORIENTED_EDGE('',*,*,#1937,.F.);
#1949=ORIENTED_EDGE('',*,*,#1780,.F.);
#1950=CARTESIAN_POINT('',(3.499999999999992,85.0,0.0));
#1951=DIRECTION('',(0.0,0.0,1.0));
#1952=VECTOR('',#1951,7.000000000000001);
#1953=LINE('',#1950,#1952);
#1954=EDGE_CURVE('',#1637,#1767,#1953,.T.);
#1955=ORIENTED_EDGE('',*,*,#1954,.F.);
#1956=EDGE_LOOP('',(#1947,#1948,#1949,#1955));
#1957=FACE_OUTER_BOUND('',#1956,.T.);
#1958=ADVANCED_FACE('',(#1957),#1946,.F.);
#1959=CARTESIAN_POINT('',(-3.500000000000000,-43.500000000000007,7.000000000000001));
#1960=DIRECTION('',(-1.0,0.0,0.0));
#1961=DIRECTION('',(0.0,0.0,1.0));
#1962=AXIS2_PLACEMENT_3D('',#1959,#1960,#1961);
#1963=PLANE('',#1962);
#1964=ORIENTED_EDGE('',*,*,#1589,.F.);
#1965=CARTESIAN_POINT('',(-3.500000000000000,-43.500000000000007,7.000000000000001));
#1966=DIRECTION('',(0.0,0.0,-1.0));
#1967=VECTOR('',#1966,7.000000000000001);
#1968=LINE('',#1965,#1967);
#1969=EDGE_CURVE('',#1814,#1575,#1968,.T.);
#1970=ORIENTED_EDGE('',*,*,#1969,.F.);
#1971=ORIENTED_EDGE('',*,*,#1819,.F.);
#1972=ORIENTED_EDGE('',*,*,#1723,.F.);
#1973=EDGE_LOOP('',(#1964,#1970,#1971,#1972));
#1974=FACE_OUTER_BOUND('',#1973,.T.);
#1975=ADVANCED_FACE('',(#1974),#1963,.F.);
#1976=CARTESIAN_POINT('',(0.0,-43.500000000000007,7.000000000000001));
#1977=DIRECTION('',(0.0,0.0,-1.0));
#1978=DIRECTION('',(0.999999999999974,0.000000228926767,0.0));
#1979=AXIS2_PLACEMENT_3D('',#1976,#1977,#1978);
#1980=CYLINDRICAL_SURFACE('',#1979,3.499999999999995);
#1981=ORIENTED_EDGE('',*,*,#1581,.F.);
#1982=CARTESIAN_POINT('',(3.500000000000000,-43.499999198756321,7.000000000000001));
#1983=DIRECTION('',(0.0,0.0,-1.0));
#1984=VECTOR('',#1983,7.000000000000001);
#1985=LINE('',#1982,#1984);
#1986=EDGE_CURVE('',#1822,#1567,#1985,.T.);
#1987=ORIENTED_EDGE('',*,*,#1986,.F.);
#1988=ORIENTED_EDGE('',*,*,#1828,.F.);
#1989=ORIENTED_EDGE('',*,*,#1969,.T.);
#1990=EDGE_LOOP('',(#1981,#1987,#1988,#1989));
#1991=FACE_OUTER_BOUND('',#1990,.T.);
#1992=ADVANCED_FACE('',(#1991),#1980,.F.);
#1993=CARTESIAN_POINT('',(3.500000000000023,-85.0,7.000000000000001));
#1994=DIRECTION('',(1.0,0.0,0.0));
#1995=DIRECTION('',(0.0,0.0,-1.0));
#1996=AXIS2_PLACEMENT_3D('',#1993,#1994,#1995);
#1997=PLANE('',#1996);
#1998=ORIENTED_EDGE('',*,*,#1572,.F.);
#1999=ORIENTED_EDGE('',*,*,#1473,.F.);
#2000=ORIENTED_EDGE('',*,*,#1834,.F.);
#2001=ORIENTED_EDGE('',*,*,#1986,.T.);
#2002=EDGE_LOOP('',(#1998,#1999,#2000,#2001));
#2003=FACE_OUTER_BOUND('',#2002,.T.);
#2004=ADVANCED_FACE('',(#2003),#1997,.F.);
#2005=CARTESIAN_POINT('',(35.0,85.0,0.0));
#2006=DIRECTION('',(1.0,0.0,0.0));
#2007=DIRECTION('',(0.0,0.0,-1.0));
#2008=AXIS2_PLACEMENT_3D('',#2005,#2006,#2007);
#2009=PLANE('',#2008);
#2010=ORIENTED_EDGE('',*,*,#1845,.T.);
#2011=ORIENTED_EDGE('',*,*,#1442,.F.);
#2012=ORIENTED_EDGE('',*,*,#1559,.F.);
#2013=ORIENTED_EDGE('',*,*,#1411,.T.);
#2014=EDGE_LOOP('',(#2010,#2011,#2012,#2013));
#2015=FACE_OUTER_BOUND('',#2014,.T.);
#2016=ADVANCED_FACE('',(#2015),#2009,.T.);
#2017=CARTESIAN_POINT('',(-35.0,-85.0,0.0));
#2018=DIRECTION('',(-1.0,0.0,0.0));
#2019=DIRECTION('',(0.0,0.0,1.0));
#2020=AXIS2_PLACEMENT_3D('',#2017,#2018,#2019);
#2021=PLANE('',#2020);
#2022=ORIENTED_EDGE('',*,*,#1806,.T.);
#2023=ORIENTED_EDGE('',*,*,#1504,.F.);
#2024=ORIENTED_EDGE('',*,*,#1612,.F.);
#2025=ORIENTED_EDGE('',*,*,#1752,.T.);
#2026=EDGE_LOOP('',(#2022,#2023,#2024,#2025));
#2027=FACE_OUTER_BOUND('',#2026,.T.);
#2028=ADVANCED_FACE('',(#2027),#2021,.T.);
#2029=CARTESIAN_POINT('',(-35.0,85.0,0.0));
#2030=DIRECTION('',(0.0,1.0,0.0));
#2031=DIRECTION('',(0.0,0.0,1.0));
#2032=AXIS2_PLACEMENT_3D('',#2029,#2030,#2031);
#2033=PLANE('',#2032);
#2034=ORIENTED_EDGE('',*,*,#996,.T.);
#2035=ORIENTED_EDGE('',*,*,#1648,.F.);
#2036=ORIENTED_EDGE('',*,*,#1954,.T.);
#2037=ORIENTED_EDGE('',*,*,#1772,.T.);
#2038=EDGE_LOOP('',(#2034,#2035,#2036,#2037));
#2039=FACE_OUTER_BOUND('',#2038,.T.);
#2040=ADVANCED_FACE('',(#2039),#2033,.T.);
#2041=CLOSED_SHELL('',(#92,#141,#190,#239,#288,#337,#386,#435,#484,#533,#582,#631,#680,#729,#778,#827,#876,#925,#974,#1014,#1047,#1078,#1118,#1151,#1182,#1222,#1255,#1286,#1326,#1359,#1390,#1421,#1452,#1483,#1514,#1545,#1709,#1733,#1757,#1907,#1924,#1941,#1958,#1975,#1992,#2004,#2016,#2028,#2040));
#2042=MANIFOLD_SOLID_BREP('',#2041);
#2043=COLOUR_RGB('Default',0.752941012382507,0.752941012382507,0.752941012382507);
#2044=FILL_AREA_STYLE_COLOUR('Default',#2043);
#2045=FILL_AREA_STYLE('Default',(#2044));
#2046=SURFACE_STYLE_FILL_AREA(#2045);
#2047=SURFACE_SIDE_STYLE('Default',(#2046));
#2048=SURFACE_STYLE_USAGE(.BOTH.,#2047);
#2049=PRESENTATION_STYLE_ASSIGNMENT((#2048));
#2050=STYLED_ITEM('',(#2049),#2042);
#2051=MECHANICAL_DESIGN_GEOMETRIC_PRESENTATION_REPRESENTATION('',(#2050),#36);
#2052=ADVANCED_BREP_SHAPE_REPRESENTATION('ABSR',(#2042),#36);
#2053=SHAPE_REPRESENTATION_RELATIONSHIP('SRR','None',#2052,#41);
ENDSEC;
END-ISO-10303-21;
